Группа параметра,1 уровень,2 уровень,,id старый,id новый,Название,Maytoni,Ledron,LIGHTSTAR,MANTRA,SWG,Elevel,Isonex,,,Настройки-Параметры товаров-Отображать в навигации,Настройки-Параметры товаров-Не отображать в карточке товара,Настройки-Параметры товаров-Автоматическая сортировка
Ноль,0,,,1,1,Наименование,name,Наименование,Наименование для интернет-магазина,model,Длинное наименование [OLD_NAME],,Номенклатура,,,,,Автоматическая сортировка
Ноль,0,,,2,2,Артикул,vendorCode,Наименование артикула,Артикул,Артикул,﻿Внешний код,,Артикул,,,,,Автоматическая сортировка
Ноль,0,,,4,3,Цена,price,Цена,price,price,Цена ”Розничная цена”,,"МРЦ, руб.",,,,,Автоматическая сортировка
Ноль,0,,,5,4,Валюта,currencyId,Валюта,currencyId,currencyId,"Валюта для цены ""Розничная цена”",,,,,Не отображать в общем фильтре,Не отображать в карточке товара,Автоматическая сортировка
Ноль,0,,,6,5,Остаток,Stock,Доступен для заказа,,Остаток,"""Количество на складе \""\""Основной склад (с. Дмитровское)\""\""",,,,,Не отображать в общем фильтре,Не отображать в карточке товара,Автоматическая сортировка
Ноль,0,,,7,6,Категория,Категория,Категория,Тип (сегмент ЯМ),category,Название раздела,,,,,Не отображать в общем фильтре,Не отображать в карточке товара,Автоматическая сортировка
Ноль,0,,,8,7,Тип товаров,,Тип товаров,,,,,,,,Не отображать в общем фильтре,Не отображать в карточке товара,Автоматическая сортировка
Ноль,0,,,9,8,Бренд,vendor,Бренд,vendor,Бренд,Бренд [MANUFACTURER],Бренд,Бренд,,,,,Автоматическая сортировка
Ноль,0,,,10,9,Колекция,collection_name,,Коллекция,Коллекция,,,,,,,,Автоматическая сортировка
Ноль,0,,,11,10,Серия,series_name,Серия,,,Серия [series],Серия,Коллекция (серия),,,,,Автоматическая сортировка
Ноль,0,,,12,11,Стиль,style_name,,Стиль,,,,Стиль,,,Не отображать в общем фильтре,,Автоматическая сортировка
Ноль,0,,,15,12,Страна,,,,Страна,,Страна происхождения,Страна Изготовитель,,,Не отображать в общем фильтре,,Автоматическая сортировка
Ноль,0,,,16,13,Производитель светодиода,,,,,Производитель светодиода [proizvoditel_svetodioda],,,,,Не отображать в общем фильтре,Не отображать в карточке товара,Автоматическая сортировка
Ноль,0,,,20,14,Краткое описание,,Краткое описание,,description,,,Описание линия для сайта,,,Не отображать в общем фильтре,,Автоматическая сортировка
Ноль,0,,,21,,Краткое описание,,Описание,,,,,,,,Не отображать в общем фильтре,,Автоматическая сортировка
,,,,22,,url,url,,,,,,,,,,,
,,,,,,ID артикула,,ID артикула,,,,,,,,,,
,,,,,,Ссылка на витрину,,Ссылка на витрину,,,,,,,,,,
,,,,,,Адрес видео на YouTube или Vimeo,,Адрес видео на YouTube или Vimeo,,,,,,,,,,
,,,,,,Закупочная цена,,Закупочная цена,,,,,,,,,,
,,,,,,Изображения товаров,,Изображения товаров,,,,,,,,,,
Прочие,10,,,18,548,Штрихкод,barcode,,barcode,barcode,,,,,,Не отображать в общем фильтре,Не отображать в карточке товара,Автоматическая сортировка
Основные,1,,,,15,Электронный регулятор,,,,,,Электронный регулятор,,,,Не отображать в общем фильтре,,Автоматическая сортировка
Основные,1,,,,16,Электронное управление,,,,,,Электронное управление,,,,Не отображать в общем фильтре,,Автоматическая сортировка
Основные,1,,,,17,Электрическое подключение через штепсельные разъемы,,,,,,Электрическое подключение через штепсельные разъемы,,,,Не отображать в общем фильтре,,Автоматическая сортировка
Основные,1,,,,18,Электрич. и механич. блокировка,,,,,,Электрич. и механич. блокировка,,,,Не отображать в общем фильтре,,Автоматическая сортировка
Основные,1,,,,19,Экранированный корпус,,,,,,Экранированный корпус,,,,Не отображать в общем фильтре,,Автоматическая сортировка
Основные,1,,,,20,Экранированные гнезда,,,,,,Экранированные гнезда,,,,Не отображать в общем фильтре,,Автоматическая сортировка
Основные,1,,,,21,Центральная плата,,,,,,Центральная плата,,,,Не отображать в общем фильтре,,Автоматическая сортировка
Основные,1,,,,22,Цветовая кодировка,,,,,,Цветовая кодировка,,,,Не отображать в общем фильтре,,Автоматическая сортировка
Основные,1,,,,23,Цвет кабеля,,,,,,Цвет кабеля,,,,Не отображать в общем фильтре,,Автоматическая сортировка
Основные,1,,,,24,Функциональное освещение,,,,,,Функциональное освещение,,,,Не отображать в общем фильтре,,Автоматическая сортировка
Основные,1,,,,25,Устройство подключения к шине в комплекте,,,,,,Устройство подключения к шине в комплекте,,,,Не отображать в общем фильтре,,Автоматическая сортировка
Основные,1,,,,26,Управление/функционирование,,,,,,Управление/функционирование,,,,Не отображать в общем фильтре,,Автоматическая сортировка
Основные,1,,,,27,Управление приложениями через Bluetooth,,,,,,Управление приложениями через Bluetooth,,,,Не отображать в общем фильтре,,Автоматическая сортировка
Основные,1,,,,28,Ударопрочный,,,,,,Ударопрочный,,,,Не отображать в общем фильтре,,Автоматическая сортировка
Основные,1,,,,29,Ударопрочность по стандарту EN 50102,,,,,,Ударопрочность по стандарту EN 50102,,,,Не отображать в общем фильтре,,Автоматическая сортировка
Основные,1,,,,30,Тип устройства,,,,,,Тип устройства,,,,Не отображать в общем фильтре,,Автоматическая сортировка
Основные,1,,,,31,Тип тепловой обратной связи,,,,,,Тип тепловой обратной связи,,,,Не отображать в общем фильтре,,Автоматическая сортировка
Основные,1,,,,32,Тип соединителя/разъема,,,,,,Тип соединителя/разъема,,,,Не отображать в общем фильтре,,Автоматическая сортировка
Основные,1,,,,33,Тип светильника,,,,,Тип светильника [tip_svetilnika],,,,,Не отображать в общем фильтре,,Автоматическая сортировка
Основные,1,,,,,Тип светильника,,,,,,Тип светильника,,,,Не отображать в общем фильтре,,Автоматическая сортировка
Основные,1,,,,34,Тип розетки,,,,,,Тип розетки,,,,Не отображать в общем фильтре,,Автоматическая сортировка
Основные,1,,,,35,Тип разъема,,,,,,Тип разъема,,,,Не отображать в общем фильтре,,Автоматическая сортировка
Основные,1,,,,36,Тип проводки,,,,,,Тип проводки,,,,Не отображать в общем фильтре,,Автоматическая сортировка
Основные,1,,,,37,Тип подсветки,,,,,,Тип подсветки,,,,Не отображать в общем фильтре,,Автоматическая сортировка
Основные,1,,,,38,Тип нагрузки,,,,,,Тип нагрузки,,,,Не отображать в общем фильтре,,Автоматическая сортировка
Основные,1,,,34,39,Тип люстры,,,Тип люстры,,,,,,,Не отображать в общем фильтре,,Автоматическая сортировка
Основные,1,,,35,40,Тип лампы,lamp_is_led,Тип лампы,Тип лампы,Совместимые типы ламп,,Тип источника света.,Тип лампы,,,,,Автоматическая сортировка
Основные,1,,,,,Тип лампы,,,,,,Тип лампы,,,,,,Автоматическая сортировка
Основные,1,,,,41,Тип ламп,,,,,,Тип ламп,,,,Не отображать в общем фильтре,,Автоматическая сортировка
Основные,1,,,,42,Тип контактов,,,,,,Тип контактов,,,,Не отображать в общем фильтре,,Автоматическая сортировка
Основные,1,,,,43,Тип контакта,,,,,,Тип контакта,,,,Не отображать в общем фильтре,,Автоматическая сортировка
Основные,1,,,,44,Тип компонента/запасной части,,,,,,Тип компонента/запасной части,,,,Не отображать в общем фильтре,,Автоматическая сортировка
Основные,1,,,,45,Тип комплектации,,,,,,Тип комплектации,,,,Не отображать в общем фильтре,,Автоматическая сортировка
Основные,1,,,,46,Тип источника питания,,,,,,Тип источника питания,,,,Не отображать в общем фильтре,,Автоматическая сортировка
Основные,1,,,,47,Тип изделия/компонента,,,,,,Тип изделия/компонента,,,,Не отображать в общем фильтре,,Автоматическая сортировка
Основные,1,,,,48,Тип изделия,,,,,,Тип изделия,,,,Не отображать в общем фильтре,,Автоматическая сортировка
Основные,1,,,,49,Тип датчика / щупа,,,,,,Тип датчика / щупа,,,,Не отображать в общем фильтре,,Автоматическая сортировка
Основные,1,,,,50,Тип выключателя,,,,,,Тип выключателя,,,,Не отображать в общем фильтре,,Автоматическая сортировка
Основные,1,,,,51,Тип включения/управления,,,,,,Тип включения/управления,,,,Не отображать в общем фильтре,,Автоматическая сортировка
Основные,1,,,,52,Терминальный резистор,,,,,,Терминальный резистор,,,,Не отображать в общем фильтре,,Автоматическая сортировка
Основные,1,,,,53,Считываемая температура,,,,,,Считываемая температура,,,,Не отображать в общем фильтре,,Автоматическая сортировка
Основные,1,,,,54,Степень защиты (NEMA),,,,,,Степень защиты (NEMA),,,,Не отображать в общем фильтре,,Автоматическая сортировка
Основные,1,,,,55,Способ присоединения экрана,,,,,,Способ присоединения экрана,,,,Не отображать в общем фильтре,,Автоматическая сортировка
Основные,1,,,,56,Специальное применение,,,,,,Специальное применение,,,,Не отображать в общем фильтре,,Автоматическая сортировка
Основные,1,,,,57,Сочетается с таймером/выключателем,,,,,,Сочетается с таймером/выключателем,,,,Не отображать в общем фильтре,,Автоматическая сортировка
Основные,1,,,,58,Сочетается с передающей кнопкой,,,,,,Сочетается с передающей кнопкой,,,,Не отображать в общем фильтре,,Автоматическая сортировка
Основные,1,,,,59,Сочетается с кнопкой,,,,,,Сочетается с кнопкой,,,,Не отображать в общем фильтре,,Автоматическая сортировка
Основные,1,,,,60,Сочетается с дистанционным (инфракрасным) выключателем,,,,,,Сочетается с дистанционным (инфракрасным) выключателем,,,,Не отображать в общем фильтре,,Автоматическая сортировка
Основные,1,,,,61,Сочетается с датчиком присутствия,,,,,,Сочетается с датчиком присутствия,,,,Не отображать в общем фильтре,,Автоматическая сортировка
Основные,1,,,,62,Сочетается с датчиком движения,,,,,,Сочетается с датчиком движения,,,,Не отображать в общем фильтре,,Автоматическая сортировка
Основные,1,,,,63,Соединение безгалогенового кабеля,,,,,,Соединение безгалогенового кабеля,,,,Не отображать в общем фильтре,,Автоматическая сортировка
Основные,1,,,,64,Со сменной линзой/символом,,,,,,Со сменной линзой/символом,,,,Не отображать в общем фильтре,,Автоматическая сортировка
Основные,1,,,,65,Со светодиодной (LED) индикацией,,,,,,Со светодиодной (LED) индикацией,,,,Не отображать в общем фильтре,,Автоматическая сортировка
Основные,1,,,,66,Со световым датчиком (фотодатчиком),,,,,,Со световым датчиком (фотодатчиком),,,,Не отображать в общем фильтре,,Автоматическая сортировка
Основные,1,,,,67,Со звуковой индикацией,,,,,,Со звуковой индикацией,,,,Не отображать в общем фильтре,,Автоматическая сортировка
Основные,1,,,,68,Складывающ-ся,,,,,,Складывающ-ся,,,,Не отображать в общем фильтре,,Автоматическая сортировка
Основные,1,,,,69,Сканируемый символ / безбарьерный (для людей с огранич. возможностями),,,,,,Сканируемый символ / безбарьерный (для людей с огранич. возможностями),,,,Не отображать в общем фильтре,,Автоматическая сортировка
Основные,1,,,,70,Системно-ориентированная система соединения,,,,,,Системно-ориентированная система соединения,,,,Не отображать в общем фильтре,,Автоматическая сортировка
Основные,1,,,,71,Сечение жил (суммарное) (до),,,,,,Сечение жил (суммарное) (до),,,,Не отображать в общем фильтре,,Автоматическая сортировка
Основные,1,,,,72,Сечение жил (суммарное),,,,,,Сечение жил (суммарное),,,,Не отображать в общем фильтре,,Автоматическая сортировка
Основные,1,,,,73,Сенсорная функция,,,,,,Сенсорная функция,,,,Не отображать в общем фильтре,,Автоматическая сортировка
Основные,1,,,,74,Самоклеющ-ся,,,,,,Самоклеющ-ся,,,,Не отображать в общем фильтре,,Автоматическая сортировка
Основные,1,,,,75,С циркуляцией горячей воды,,,,,,С циркуляцией горячей воды,,,,Не отображать в общем фильтре,,Автоматическая сортировка
Основные,1,,,,76,С функцией памяти,,,,,,С функцией памяти,,,,Не отображать в общем фильтре,,Автоматическая сортировка
Основные,1,,,,77,С сигнальной лампой (индикатором),,,,,,С сигнальной лампой (индикатором),,,,Не отображать в общем фильтре,,Автоматическая сортировка
Основные,1,,,,78,С резьбовым кабельным вводом (сальником),,,,,,С резьбовым кабельным вводом (сальником),,,,Не отображать в общем фильтре,,Автоматическая сортировка
Основные,1,,,,79,С пультом дистанционного управления,,,,,,С пультом дистанционного управления,,,,Не отображать в общем фильтре,,Автоматическая сортировка
Основные,1,,,,80,С проходными функциями,,,,,,С проходными функциями,,,,Не отображать в общем фильтре,,Автоматическая сортировка
Основные,1,,,,81,С приемником,,,,,,С приемником,,,,Не отображать в общем фильтре,,Автоматическая сортировка
Основные,1,,,,82,С понижением температуры,,,,,,С понижением температуры,,,,Не отображать в общем фильтре,,Автоматическая сортировка
Основные,1,,,,83,С полем для надписи,,,,,,С полем для надписи,,,,Не отображать в общем фильтре,,Автоматическая сортировка
Основные,1,,,,84,С полем для маркировки,,,,,,С полем для маркировки,,,,Не отображать в общем фильтре,,Автоматическая сортировка
Основные,1,,,,85,С подсветкой (индикация напряжения в сети),,,,,,С подсветкой (индикация напряжения в сети),,,,Не отображать в общем фильтре,,Автоматическая сортировка
Основные,1,,,,86,С подсветкой,,,,,,С подсветкой,,,,Не отображать в общем фильтре,,Автоматическая сортировка
Основные,1,,,,87,С памятью уровня освещенности,,,,,,С памятью уровня освещенности,,,,Не отображать в общем фильтре,,Автоматическая сортировка
Основные,1,,,,88,С откидной крышкой,,,,,,С откидной крышкой,,,,Не отображать в общем фильтре,,Автоматическая сортировка
Основные,1,,,,89,С отдельной подсветкой для чтения,,,,,,С отдельной подсветкой для чтения,,,,Не отображать в общем фильтре,,Автоматическая сортировка
Основные,1,,,,90,С ориентационной подсветкой,,,,,,С ориентационной подсветкой,,,,Не отображать в общем фильтре,,Автоматическая сортировка
Основные,1,,,,91,С монтажной решеткой,,,,,,С монтажной решеткой,,,,Не отображать в общем фильтре,,Автоматическая сортировка
Основные,1,,,,92,С монтажной платой/панелью,,,,,,С монтажной платой/панелью,,,,Не отображать в общем фильтре,,Автоматическая сортировка
Основные,1,,,,93,С миниатюрным предохранителем,,,,,,С миниатюрным предохранителем,,,,Не отображать в общем фильтре,,Автоматическая сортировка
Основные,1,,,,94,С крышкой,,,,,,С крышкой,,,,Не отображать в общем фильтре,,Автоматическая сортировка
Основные,1,,,,95,С комплектом для подключения/соединения,,,,,,С комплектом для подключения/соединения,,,,Не отображать в общем фильтре,,Автоматическая сортировка
Основные,1,,,,96,С кабельным вводом,,,,,,С кабельным вводом,,,,Не отображать в общем фильтре,,Автоматическая сортировка
Основные,1,,,,97,С защитой от пыли,,,,,,С защитой от пыли,,,,Не отображать в общем фильтре,,Автоматическая сортировка
Основные,1,,,,98,С дисплеем,,,,,,С дисплеем,,,,Не отображать в общем фильтре,,Автоматическая сортировка
Основные,1,,,,99,С диммером,,,,,,С диммером,,,,Не отображать в общем фильтре,,Автоматическая сортировка
Основные,1,,,,100,С гнездами/разъемами,,,,,,С гнездами/разъемами,,,,Не отображать в общем фильтре,,Автоматическая сортировка
Основные,1,,,,101,С выталкивателем,,,,,,С выталкивателем,,,,Не отображать в общем фильтре,,Автоматическая сортировка
Основные,1,,,,102,С выключателем Вкл/Откл (On/Off),,,,,,С выключателем Вкл/Откл (On/Off),,,,Не отображать в общем фильтре,,Автоматическая сортировка
Основные,1,,,,103,С выключателем,,,,,,С выключателем,,,,Не отображать в общем фильтре,,Автоматическая сортировка
Основные,1,,,,104,С встроенным зарядным устройством USB,,,,,,С встроенным зарядным устройством USB,,,,Не отображать в общем фильтре,,Автоматическая сортировка
Основные,1,,,,105,С встроенным аварийным блоком,,,,,,С встроенным аварийным блоком,,,,Не отображать в общем фильтре,,Автоматическая сортировка
Основные,1,,,,106,С вводом для канала,,,,,,С вводом для канала,,,,Не отображать в общем фильтре,,Автоматическая сортировка
Основные,1,,,,107,С астропрограммой,,,,,,С астропрограммой,,,,Не отображать в общем фильтре,,Автоматическая сортировка
Основные,1,,,,108,Регулируемость,,,,,,Регулируемость,,,,Не отображать в общем фильтре,,Автоматическая сортировка
Основные,1,,,,109,Регулируемое значение сумеречного освещения (до),,,,,,Регулируемое значение сумеречного освещения (до),,,,Не отображать в общем фильтре,,Автоматическая сортировка
Основные,1,,,,110,Регулируемое значение сумеречного освещения,,,,,,Регулируемое значение сумеречного освещения,,,,Не отображать в общем фильтре,,Автоматическая сортировка
Основные,1,,,,111,Регулируемая защита от солнца (до),,,,,,Регулируемая защита от солнца (до),,,,Не отображать в общем фильтре,,Автоматическая сортировка
Основные,1,,,,112,Регулируемая защита от солнца,,,,,,Регулируемая защита от солнца,,,,Не отображать в общем фильтре,,Автоматическая сортировка
Основные,1,,,,113,Регулировочная характеристика,,,,,,Регулировочная характеристика,,,,Не отображать в общем фильтре,,Автоматическая сортировка
Основные,1,,,,114,Рамка крышки,,,,,,Рамка крышки,,,,Не отображать в общем фильтре,,Автоматическая сортировка
Основные,1,,,,115,Раздельное подключение заземления,,,,,,Раздельное подключение заземления,,,,Не отображать в общем фильтре,,Автоматическая сортировка
Основные,1,,,,116,Присоединение,,,,,,Присоединение,,,,Не отображать в общем фильтре,,Автоматическая сортировка
Основные,1,,,,117,Поключение дополнит. обогрева,,,,,,Поключение дополнит. обогрева,,,,Не отображать в общем фильтре,,Автоматическая сортировка
Основные,1,,,,118,Подсветка,,,,,,Подсветка,,,,Не отображать в общем фильтре,,Автоматическая сортировка
Основные,1,,,,119,Питание от батареек,,,,,,Питание от батареек,,,,Не отображать в общем фильтре,,Автоматическая сортировка
Основные,1,,,,120,Перфорированный растр/решетка,,,,,,Перфорированный растр/решетка,,,,Не отображать в общем фильтре,,Автоматическая сортировка
Основные,1,,,,121,Перфорированный отражатель,,,,,,Перфорированный отражатель,,,,Не отображать в общем фильтре,,Автоматическая сортировка
Основные,1,,,,122,Перекрестный диммер,,,,,,Перекрестный диммер,,,,Не отображать в общем фильтре,,Автоматическая сортировка
Основные,1,,,,123,Охлаждение,,,,,,Охлаждение,,,,Не отображать в общем фильтре,,Автоматическая сортировка
Основные,1,,,,124,Отключение защиты,,,,,,Отключение защиты,,,,Не отображать в общем фильтре,,Автоматическая сортировка
Основные,1,,,,125,Отдельный кабельный ввод с разгрузкой провода от натяжения,,,,,,Отдельный кабельный ввод с разгрузкой провода от натяжения,,,,Не отображать в общем фильтре,,Автоматическая сортировка
Основные,1,,,,126,Отделка поверхности,,,,,,Отделка поверхности,,,,Не отображать в общем фильтре,,Автоматическая сортировка
Основные,1,,,,127,Обогрев,,,,,,Обогрев,,,,Не отображать в общем фильтре,,Автоматическая сортировка
Основные,1,,,,128,Направление выхода,,,,,,Направление выхода,,,,Не отображать в общем фильтре,,Автоматическая сортировка
Основные,1,,,,129,Назначение/применение,,,,,,Назначение/применение,,,,Не отображать в общем фильтре,,Автоматическая сортировка
Основные,1,,,,130,Надпись/маркировка,,,,,,Надпись/маркировка,,,,Не отображать в общем фильтре,,Автоматическая сортировка
Основные,1,,,,131,Модель/исполнение,,,,,,Модель/исполнение,,,,Не отображать в общем фильтре,,Автоматическая сортировка
Основные,1,,,,132,Модель с плоской поверхностью,,,,,,Модель с плоской поверхностью,,,,Не отображать в общем фильтре,,Автоматическая сортировка
Основные,1,,,,133,Механическое управление,,,,,,Механическое управление,,,,Не отображать в общем фильтре,,Автоматическая сортировка
Основные,1,,,,134,Механическое кодирование,,,,,,Механическое кодирование,,,,Не отображать в общем фильтре,,Автоматическая сортировка
Основные,1,,,,135,Местное управление / ручное управление,,,,,,Местное управление / ручное управление,,,,Не отображать в общем фильтре,,Автоматическая сортировка
Основные,1,,,,136,макс. Контактная нагрузка,,,,,,макс. Контактная нагрузка,,,,Не отображать в общем фильтре,,Автоматическая сортировка
Основные,1,,,,137,Макс. количество жалюзийных выходов,,,,,,Макс. количество жалюзийных выходов,,,,Не отображать в общем фильтре,,Автоматическая сортировка
Основные,1,,,,138,Корпус,,,,,,Корпус,,,,Не отображать в общем фильтре,,Автоматическая сортировка
Основные,1,,,,139,Контрольное окошко/световая индикация,,,,,,Контрольное окошко/световая индикация,,,,Не отображать в общем фильтре,,Автоматическая сортировка
Основные,1,,,,140,Комбинация штепсельных розеток,,,,,,Комбинация штепсельных розеток,,,,Не отображать в общем фильтре,,Автоматическая сортировка
Основные,1,,,,141,Количество элементов управления,,,,,,Количество элементов управления,,,,Не отображать в общем фильтре,,Автоматическая сортировка
Основные,1,,,,142,Количество штепсельных розеток с заземляющим контактом,,,,,,Количество штепсельных розеток с заземляющим контактом,,,,Не отображать в общем фильтре,,Автоматическая сортировка
Основные,1,,,,143,Количество ед. светильников в составе осветит. прибора,,,,,,Количество ед. светильников в составе осветит. прибора,,,,Не отображать в общем фильтре,,Автоматическая сортировка
Основные,1,,,,144,Класс температурного контроля,,,,,,Класс температурного контроля,,,,Не отображать в общем фильтре,,Автоматическая сортировка
Основные,1,,,,145,Категория (Cat),,,,,,Категория (Cat),,,,Не отображать в общем фильтре,,Автоматическая сортировка
Основные,1,,,,146,Интерфейс 1-10 В,,,,,,Интерфейс 1-10 В,,,,Не отображать в общем фильтре,,Автоматическая сортировка
Основные,1,,,,147,Индикация фактической температуры,,,,,,Индикация фактической температуры,,,,Не отображать в общем фильтре,,Автоматическая сортировка
Основные,1,,,,148,Защитное покрытие поверхности,,,,,,Защитное покрытие поверхности,,,,Не отображать в общем фильтре,,Автоматическая сортировка
Основные,1,,,,149,Дополнит. вход управления,,,,,,Дополнит. вход управления,,,,Не отображать в общем фильтре,,Автоматическая сортировка
Основные,1,,,,150,Для тяжелых условий в соотв. с VDE,,,,,,Для тяжелых условий в соотв. с VDE,,,,Не отображать в общем фильтре,,Автоматическая сортировка
Основные,1,,,,151,Детский дизайн,,,,,,Детский дизайн,,,,Не отображать в общем фильтре,,Автоматическая сортировка
Основные,1,,,,152,Двусторонняя беспроводная связь,,,,,,Двусторонняя беспроводная связь,,,,Не отображать в общем фильтре,,Автоматическая сортировка
Основные,1,,,,153,Датчик,,,,,,Датчик,,,,Не отображать в общем фильтре,,Автоматическая сортировка
Основные,1,,,,154,Гибкий (сгибаемый),,,,,,Гибкий (сгибаемый),,,,Не отображать в общем фильтре,,Автоматическая сортировка
Основные,1,,,,155,Генератор случайного срабатывания/эффект присутствия,,,,,,Генератор случайного срабатывания/эффект присутствия,,,,Не отображать в общем фильтре,,Автоматическая сортировка
Основные,1,,,,156,Выключатель стиральной машины,,,,,,Выключатель стиральной машины,,,,Не отображать в общем фильтре,,Автоматическая сортировка
Основные,1,,,,157,Выключатель с подсветкой для ночного понижения температуры,,,,,,Выключатель с подсветкой для ночного понижения температуры,,,,Не отображать в общем фильтре,,Автоматическая сортировка
Основные,1,,,,158,Выключатель Вкл/Откл (On/Off),,,,,,Выключатель Вкл/Откл (On/Off),,,,Не отображать в общем фильтре,,Автоматическая сортировка
Основные,1,,,,159,Выдвижной/телескопический (-ое),,,,,,Выдвижной/телескопический (-ое),,,,Не отображать в общем фильтре,,Автоматическая сортировка
Основные,1,,,,160,Встроенный таймер,,,,,,Встроенный таймер,,,,Не отображать в общем фильтре,,Автоматическая сортировка
Основные,1,,,,161,Возможность соединения в цепь,,,,,,Возможность соединения в цепь,,,,Не отображать в общем фильтре,,Автоматическая сортировка
Основные,1,,,,162,Возможно применение датчика осадков,,,,,,Возможно применение датчика осадков,,,,Не отображать в общем фильтре,,Автоматическая сортировка
Основные,1,,,,163,Возможно применение датчика ветра,,,,,,Возможно применение датчика ветра,,,,Не отображать в общем фильтре,,Автоматическая сортировка
Основные,1,,,,164,Возможно подключение датчика повреждения стекла,,,,,,Возможно подключение датчика повреждения стекла,,,,Не отображать в общем фильтре,,Автоматическая сортировка
Основные,1,,,,165,Возможно подключение датчика освещённости,,,,,,Возможно подключение датчика освещённости,,,,Не отображать в общем фильтре,,Автоматическая сортировка
Основные,1,,,,166,Возможна параллельная работа,,,,,,Возможна параллельная работа,,,,Не отображать в общем фильтре,,Автоматическая сортировка
Основные,1,,,,167,Внешн. датчик,,,,,,Внешн. датчик,,,,Не отображать в общем фильтре,,Автоматическая сортировка
Основные,1,,,,168,Взрывозащищенный,,,,,,Взрывозащищенный,,,,Не отображать в общем фильтре,,Автоматическая сортировка
Основные,1,,,,169,В комплекте с рамкой,,,,,,В комплекте с рамкой,,,,Не отображать в общем фильтре,,Автоматическая сортировка
Основные,1,,,,170,В комплекте с вилкой (разъем),,,,,,В комплекте с вилкой (разъем),,,,Не отображать в общем фильтре,,Автоматическая сортировка
Основные,1,,,,171,Антибактериальная обработка,,,,,,Антибактериальная обработка,,,,Не отображать в общем фильтре,,Автоматическая сортировка
Основные,1,,,,172,Автономность,,,,,,Автономность,,,,Не отображать в общем фильтре,,Автоматическая сортировка
Форма,2,1,,104,173,"Длина, мм",Длина,Длина,"Длина (Глубина), мм","Длина, мм",,Длина,"Светильник Длина, мм",,,,,Автоматическая сортировка
Форма,2,1,,,,"Длина, мм",,,,,,"Длина, мм",,,,,,Автоматическая сортировка
Форма,2,2,03/22/2022,,174,"Общая длина, м (мм)",,,,,,Общ. Длина,,,,Не отображать в общем фильтре,,Автоматическая сортировка
Форма,2,3,,106,175,"Высота, мм",Высота,Высота,"Высота, мм",Высота минимальная,,Высота/глубина,"Светильник Высота, мм",,,,,Автоматическая сортировка
Форма,2,3,,,,"Высота, мм",,,,,,Высота,,,,,,Автоматическая сортировка
Форма,2,3,,,,"Высота, мм",,,,,,"Высота, мм",,,,,,Автоматическая сортировка
Форма,2,3,,,,"Высота, мм",,,,,,Высота устройства,,,,,,Автоматическая сортировка
Форма,2,3,,107,,"Высота, мм",,,,,,,,,,,,Автоматическая сортировка
Форма,2,4,,108,176,"Минимальная высота, мм",МинимальнаяВысота,,"Высота min, мм","Высота минимальная, мм",,,,,,Не отображать в общем фильтре,,Автоматическая сортировка
Форма,2,4,,109,177,"Максимальная высота, мм",,,"Высота max, мм",Высота максимальная мм,,,"Светильник Высота полная, мм",,,Не отображать в общем фильтре,,Автоматическая сортировка
Форма,2,5,,105,178,"Ширина, мм",Ширина,Ширина,"Ширина, мм","Ширина, мм",,Ширина,"Светильник Ширина, мм",,,,,Автоматическая сортировка
Форма,2,6,,,,"Ширина, мм",,,,,,Ширина устройства,,,,,,Автоматическая сортировка
Форма,2,7,,,,"Ширина, мм",,,,,,"Ширина, мм",,,,,,Автоматическая сортировка
Форма,2,8,03/22/2022,,179,"Глубина, мм",,,,,,Глубина,,,,Не отображать в общем фильтре,,Автоматическая сортировка
Форма,2,9,03/22/2022,,180,"Глубина устройства, мм",,,,,,Глубина устройства,,,,Не отображать в общем фильтре,,Автоматическая сортировка
Форма,2,10,,,181,"Глубина макс, мм",,,"Глубина макс, мм",,,,,,,Не отображать в общем фильтре,,Автоматическая сортировка
Форма,2,11,,103,182,"Диаметр, мм",Диаметр,Диаметр,"Диаметр, мм","Диаметр, мм",,Диаметр,"Светильник Диаметр, мм",,,,,Автоматическая сортировка
Форма,2,11,,,,"Диаметр, мм",,,,,,"Диаметр, мм",,,,,,Автоматическая сортировка
Форма,2,11,,,,"Диаметр, мм",,,,,,Наруж. диаметр,,,,,,Автоматическая сортировка
Форма,2,14,,91,183,Цвет корпуса/арматуры,ЦветАрматуры,Цвет корпуса,Цвет арматуры,Цвет арматуры,Цвет корпуса [cvet_korpusa],Цвет корпуса,Цвет арматуры,,,,,Автоматическая сортировка
Форма,2,14,,,,Цвет корпуса/арматуры,,,,,,Цвет,,,,,,Автоматическая сортировка
Форма,2,15,,новый,184,Цвет по RAL,,,,,,Цвет по RAL,,,,Не отображать в общем фильтре,,Автоматическая сортировка
Форма,2,15,,,,Цвет по RAL,,,,,,Номер цвета RAL,,,,Не отображать в общем фильтре,Не отображать в карточке товара,Автоматическая сортировка
Форма,2,16,,97,185,Цвет чаш,,,Цвет чаш,,,,,,,Не отображать в общем фильтре,,Автоматическая сортировка
Форма,2,16,,93,186,Цвет хрусталя,ЦветХрусталя,,,,,,,,,Не отображать в общем фильтре,,Автоматическая сортировка
Форма,2,17,,96,187,Цвет рожков,,,Цвет рожков,,,,,,,Не отображать в общем фильтре,,Автоматическая сортировка
Форма,2,18,,98,188,Цвет провода,,,Цвет провода,,,,,,,Не отображать в общем фильтре,,Автоматическая сортировка
Форма,2,19,,95,189,Цвет подвесок,,,Цвет подвесок,,,,,,,Не отображать в общем фильтре,,Автоматическая сортировка
Форма,2,20,,31,190,Цепь,Цепь,,,,,,,,,Не отображать в общем фильтре,,Автоматическая сортировка
Форма,2,21,,32,191,"Длина цепи, мм",ДлинаЦепи,,,,,,,,,Не отображать в общем фильтре,,Автоматическая сортировка
Форма,2,22,,122,192,"Длина чаши крепления, мм",ДлинаЧашиКрепления,,,,,,,,,Не отображать в общем фильтре,,Автоматическая сортировка
Форма,2,23,,79,193,"Длина провода, см",,,,,"Длина провода, см [dean_wire]",,,,,Не отображать в общем фильтре,,Автоматическая сортировка
Форма,2,24,,90,194,"Длина провода, мм",,,"Длина провода, мм",,,,,,,Не отображать в общем фильтре,,Автоматическая сортировка
Форма,2,25,03/22/2022,,195,"Длина подвеса, мм",,,,,,Длина подвеса,,,,Не отображать в общем фильтре,,Автоматическая сортировка
Форма,2,26,03/22/2022,,196,"Длина подвеса (до), мм",,,,,,Длина подвеса (до),,,,Не отображать в общем фильтре,,Автоматическая сортировка
Форма,2,30,,123,197,"Диаметр чаши крепления, мм",ДиаметрЧашиКрепления,,,,,,,,,Не отображать в общем фильтре,,Автоматическая сортировка
Форма,2,31,03/22/2022,,198,"Диаметр монтажный (встраив.), мм",,,,,,Диаметр монтажный (встраив.),,,,Не отображать в общем фильтре,,Автоматическая сортировка
Форма,2,32,,121,199,"Ширина чаши крепления, мм",ШиринаЧашиКрепления,,,,,,,,,Не отображать в общем фильтре,,Автоматическая сортировка
Форма,2,33,,116,200,"Ширина СпМ, мм",,,"Ширина СпМ, мм",,,,,,,Не отображать в общем фильтре,,Автоматическая сортировка
Форма,2,34,,117,201,"Ширина макс, мм",,,"Ширина макс, мм",,,,,,,Не отображать в общем фильтре,,Автоматическая сортировка
Форма,2,35,,99,202,Материал корпуса/арматуры,МатериалАрматуры,Материал корпуса,Материал арматуры,Материал арматуры,Материал [material],Материал корпуса,Материал арматуры,,,,,Автоматическая сортировка
Форма,2,36,,,,Материал корпуса/арматуры,,,,,,Материал,,,,,,Автоматическая сортировка
Форма,2,37,,102,203,Материал чаш,,,Материал чаш,,,,,,,Не отображать в общем фильтре,,Автоматическая сортировка
Форма,2,38,,101,204,Материал рожков,,,Материал рожков,,,,,,,Не отображать в общем фильтре,,Автоматическая сортировка
Форма,2,39,,,205,Материал растра/решетки,,,,,,Материал растра/решетки,,,,Не отображать в общем фильтре,,Автоматическая сортировка
Форма,2,40,,,206,Материал рассеивателя/крышки,,,,,,Материал рассеивателя/крышки,,,,Не отображать в общем фильтре,,Автоматическая сортировка
Форма,2,41,,100,207,Материал подвесок,,,Материал подвесок,,,,,,,Не отображать в общем фильтре,,Автоматическая сортировка
Форма,2,,,120,208,Форма чаши крепления,ФормаЧашиКрепления,,,,,,,,,Не отображать в общем фильтре,,Автоматическая сортировка
Форма,2,,,,209,Форма,,,,,,Форма,,,,Не отображать в общем фильтре,,Автоматическая сортировка
Форма,2,,03/22/2022,,210,"Угол сканирования, град.",,,,,,Угол сканирования,,,,Не отображать в общем фильтре,,Автоматическая сортировка
Форма,2,,,142,211,"Угол поворота по горизонтали, °",,,"Угол поворота по горизонтали, °",,,,,,,Не отображать в общем фильтре,,Автоматическая сортировка
Форма,2,,,141,212,"Угол поворота по вертикали, °",,,"Угол поворота по вертикали, °",,,,,,,Не отображать в общем фильтре,,Автоматическая сортировка
Форма,2,,03/22/2022,,213,"Угол обнаружения по горизонтали, град.",,,,,,Угол обнаружения по горизонтали,,,,Не отображать в общем фильтре,,Автоматическая сортировка
Форма,2,,03/22/2022,,214,"Угол обнаружения по горизонтали (до), град.",,,,,,Угол обнаружения по горизонтали (до),,,,Не отображать в общем фильтре,,Автоматическая сортировка
Форма,2,,,,215,Тип ПРА,,,,,,Тип ПРА,,,,Не отображать в общем фильтре,,Автоматическая сортировка
Форма,2,,,,216,Суппорт (опорное кольцо),,,,,,Суппорт (опорное кольцо),,,,Не отображать в общем фильтре,,Автоматическая сортировка
Форма,2,,,,217,Со шторками (защита от прикосновения),,,,,,Со шторками (защита от прикосновения),,,,Не отображать в общем фильтре,,Автоматическая сортировка
Форма,2,,,,218,Символы/индикация,,,,,,Символы/индикация,,,,Не отображать в общем фильтре,,Автоматическая сортировка
Форма,2,,,,219,С торцевой заглушкой,,,,,,С торцевой заглушкой,,,,Не отображать в общем фильтре,,Автоматическая сортировка
Форма,2,,,,220,С подвесом в комплекте,,,,,,С подвесом в комплекте,,,,Не отображать в общем фильтре,,Автоматическая сортировка
Форма,2,,,,221,С защитной решеткой/ сеткой/ экраном,,,,,,С защитной решеткой/ сеткой/ экраном,,,,Не отображать в общем фильтре,,Автоматическая сортировка
Форма,2,,,,222,Регулируемый по высоте,,,,,,Регулируемый по высоте,,,,Не отображать в общем фильтре,,Автоматическая сортировка
Форма,2,,,,223,Регулируемый (настраиваемый),,,,,,Регулируемый (настраиваемый),,,,Не отображать в общем фильтре,,Автоматическая сортировка
Форма,2,,,,224,"Размеры блока, мм",,,,,"Размеры блока, мм [razmery_bloka]",,,,,Не отображать в общем фильтре,,Автоматическая сортировка
Форма,2,,,,225,Размеры,,,,,,Размеры,,,,Не отображать в общем фильтре,,Автоматическая сортировка
Форма,2,,,,226,Прозрачный,,,,,,Прозрачный,,,,Не отображать в общем фильтре,,Автоматическая сортировка
Форма,2,,,81,227,"Полость под блок питания, мм",,,,,"Полость под блок питания, мм [Polost_BP]",,,,,Не отображать в общем фильтре,,Автоматическая сортировка
Форма,2,,,,228,Повёрнутая центральная вставка,,,,,,Повёрнутая центральная вставка,,,,Не отображать в общем фильтре,,Автоматическая сортировка
Форма,2,,,,229,Отражатель (рефлектор),,,,,,Отражатель (рефлектор),,,,Не отображать в общем фильтре,,Автоматическая сортировка
Форма,2,,,140,230,"Направление рожков, Вверх/Вниз",,,"Направление рожков, Вверх/Вниз",,,,,,,Не отображать в общем фильтре,,Автоматическая сортировка
Форма,2,,,89,231,Наличие выключателя,,,Наличие выключателя,,,,,,,Не отображать в общем фильтре,,Автоматическая сортировка
Форма,2,,,88,232,Наличие вилки,,,Наличие вилки,,,,,,,Не отображать в общем фильтре,,Автоматическая сортировка
Форма,2,,,,233,Модель исполнения,,,,,,Модель исполнения,,,,Не отображать в общем фильтре,,Автоматическая сортировка
Форма,2,,03/22/2022,,234,"Макс. дальность действия фронтально, м",,,,,,Макс. дальность действия фронтально,,,,Не отображать в общем фильтре,,Автоматическая сортировка
Форма,2,,,,235,Лицевая накладка,,,,,,Лицевая накладка,,,,Не отображать в общем фильтре,,Автоматическая сортировка
Форма,2,,,,236,Количество тепловых выходов,,,,,,Количество тепловых выходов,,,,Не отображать в общем фильтре,,Автоматическая сортировка
Форма,2,,,,237,Количество соединительных кабелей,,,,,,Количество соединительных кабелей,,,,Не отображать в общем фильтре,,Автоматическая сортировка
Форма,2,,,,238,Количество свободных позиций модуля,,,,,,Количество свободных позиций модуля,,,,Не отображать в общем фильтре,,Автоматическая сортировка
Форма,2,,,,239,Количество розеток RJ45,,,,,,Количество розеток RJ45,,,,Не отображать в общем фильтре,,Автоматическая сортировка
Форма,2,,,,240,Количество розеток,,,,,,Количество розеток,,,,Не отображать в общем фильтре,,Автоматическая сортировка
Форма,2,,,139,241,"Количество рожков, шт",,,"Количество рожков, шт (если 0 - нет)",,,,,,,Не отображать в общем фильтре,,Автоматическая сортировка
Форма,2,,,,242,Количество разъемов,,,,,,Количество разъемов,,,,Не отображать в общем фильтре,,Автоматическая сортировка
Форма,2,,,,243,Количество постов по горизонтали,,,,,,Количество постов по горизонтали,,,,Не отображать в общем фильтре,,Автоматическая сортировка
Форма,2,,,,244,Количество постов по вертикали,,,,,,Количество постов по вертикали,,,,Не отображать в общем фильтре,,Автоматическая сортировка
Форма,2,,,,245,Количество постов (мест),,,,,,Количество постов (мест),,,,Не отображать в общем фильтре,,Автоматическая сортировка
Форма,2,,,,246,Количество постов,,,,,,Количество постов,,,,Не отображать в общем фильтре,,Автоматическая сортировка
Форма,2,,,,247,Количество полюсов,,,,,,Количество полюсов,,,,Не отображать в общем фильтре,,Автоматическая сортировка
Форма,2,,,,248,Количество подключений спутник/телевизор (SAT/TV),,,,,,Количество подключений спутник/телевизор (SAT/TV),,,,Не отображать в общем фильтре,,Автоматическая сортировка
Форма,2,,,,249,Количество подключений для передачи данных,,,,,,Количество подключений для передачи данных,,,,Не отображать в общем фильтре,,Автоматическая сортировка
Форма,2,,,,250,Количество отключаемых розеток,,,,,,Количество отключаемых розеток,,,,Не отображать в общем фильтре,,Автоматическая сортировка
Форма,2,,,,251,Количество модулей по горизонтали (для модульных серий),,,,,,Количество модулей по горизонтали (для модульных серий),,,,Не отображать в общем фильтре,,Автоматическая сортировка
Форма,2,,,,252,Количество модулей по вертикали (для модульных серий),,,,,,Количество модулей по вертикали (для модульных серий),,,,Не отображать в общем фильтре,,Автоматическая сортировка
Форма,2,,,,253,"Количество модулей в связке, шт",,,,,"Количество модулей в связке, шт [kolvo_moduley_v_svyazke]",,,,,Не отображать в общем фильтре,,Автоматическая сортировка
Форма,2,,,,254,Количество модулей (для модульных серий),,,,,,Количество модулей (для модульных серий),,,,Не отображать в общем фильтре,,Автоматическая сортировка
Форма,2,,,,255,Количество модулей,,,,,,Количество модулей,,,,Не отображать в общем фильтре,,Автоматическая сортировка
Форма,2,,,,256,Количество коннекторов 6 категории (CAT6),,,,,,Количество коннекторов 6 категории (CAT6),,,,Не отображать в общем фильтре,,Автоматическая сортировка
Форма,2,,,,257,Количество коаксиальных розеток IEC 60169-2,,,,,,Количество коаксиальных розеток IEC 60169-2,,,,Не отображать в общем фильтре,,Автоматическая сортировка
Форма,2,,,,258,Количество клавиш/ кнопок,,,,,,Количество клавиш/ кнопок,,,,Не отображать в общем фильтре,,Автоматическая сортировка
Форма,2,,,новый,259,Количество клавиш (кнопок),,,,,,Количество клавиш,,,,Не отображать в общем фильтре,,Автоматическая сортировка
Форма,2,,,,,Количество клавиш (кнопок),,,,,,Количество клавиш/кнопок,,,,Не отображать в общем фильтре,,Автоматическая сортировка
Форма,2,,,,260,Количество выходов охлаждения,,,,,,Количество выходов охлаждения,,,,Не отображать в общем фильтре,,Автоматическая сортировка
Форма,2,,,,261,Количество активных контактов (плоский),,,,,,Количество активных контактов (плоский),,,,Не отображать в общем фильтре,,Автоматическая сортировка
Форма,2,,,,262,Количество активных контактов (круглый),,,,,,Количество активных контактов (круглый),,,,Не отображать в общем фильтре,,Автоматическая сортировка
Форма,2,,,,263,Количество USB-разъемов,,,,,,Количество USB-разъемов,,,,Не отображать в общем фильтре,,Автоматическая сортировка
Форма,2,,,,264,Запираемый (-ая),,,,,,Запираемый (-ая),,,,Не отображать в общем фильтре,,Автоматическая сортировка
Форма,2,,,124,265,"Высота чаши крепления, мм",ВысотаЧашиКрепления,,,,,,,,,Не отображать в общем фильтре,,Автоматическая сортировка
Форма,2,,,,266,Возможность покрытия теплоизоляционным материалом,,,,,,Возможность покрытия теплоизоляционным материалом,,,,Не отображать в общем фильтре,,Автоматическая сортировка
Форма,2,,,,267,Возвратно-нажимной,,,,,,Возвратно-нажимной,,,,Не отображать в общем фильтре,,Автоматическая сортировка
Форма,2,,,,268,Вид/ марка материала,,,,,,Вид/ марка материала,,,,Не отображать в общем фильтре,,Автоматическая сортировка
Форма,2,,,,269,Вид растра/решетки,,,,,,Вид растра/решетки,,,,Не отображать в общем фильтре,,Автоматическая сортировка
Форма,2,,,,270,Без перегородки,,,,,,Без перегородки,,,,Не отображать в общем фильтре,,Автоматическая сортировка
"Плафон, абажур",3,,,129,271,"Ширина абажура  (плафона, декора), мм",ШиринаАбажура,,,,,,,,,Не отображать в общем фильтре,,Автоматическая сортировка
"Плафон, абажур",3,,,,272,Цвет плафона/крышки,,,,,,Цвет плафона/крышки,,,,Не отображать в общем фильтре,,Автоматическая сортировка
"Плафон, абажур",3,,,94,273,"Цвет абажура (плафона, декора)",ЦветАбажура,,Цвет плафона (Декора),Цвет плафона,,,Цвет плафона,,,Не отображать в общем фильтре,,Автоматическая сортировка
"Плафон, абажур",3,,,125,274,"Форма абажура (плафона, декора)",ФормаАбажура,,,,,,,,,Не отображать в общем фильтре,,Автоматическая сортировка
"Плафон, абажур",3,,,126,275,"Тип крепления абажура  (плафона, декора)",ТипКрепленияАбажура,,"Тип крепления плафона, На арматуру / На лампу",,,,,,,Не отображать в общем фильтре,,Автоматическая сортировка
"Плафон, абажур",3,,,137,276,"Радиус абажура (плафона, декора), мм",РадиусАбажура,,,,,,,,,Не отображать в общем фильтре,,Автоматическая сортировка
"Плафон, абажур",3,,,133,277,"Нижняя ширина абажура (плафона, декора), мм",НижняяШиринаАбажура,,,,,,,,,Не отображать в общем фильтре,,Автоматическая сортировка
"Плафон, абажур",3,,,135,278,"Нижняя длина абажура (плафона, декора), мм",НижняяДлинаАбажура,,,,,,,,,Не отображать в общем фильтре,,Автоматическая сортировка
"Плафон, абажур",3,,,131,279,"Нижний диаметр абажура (плафона, декора), мм",НижнийДиаметрАбажура,,,,,,,,,Не отображать в общем фильтре,,Автоматическая сортировка
"Плафон, абажур",3,,,127,280,"Материал абажура  (плафона, декора)",МатериалАбажура,,Материал плафона (Декора),Материал плафона,,Материал плафона/рассеивателя,Материал плафонов,,,Не отображать в общем фильтре,,Автоматическая сортировка
"Плафон, абажур",3,,,48,281,"Коэфф пропускания плафоном света, 0-1",,,"Коэфф пропускания плафоном света, 0-1",,,,,,,Не отображать в общем фильтре,,Автоматическая сортировка
"Плафон, абажур",3,,,138,282,"Количество плафонов (декор элем встройки), шт",,,"Количество плафонов (декор элем встройки), шт (если 0 - нет)",,,,,,,Не отображать в общем фильтре,,Автоматическая сортировка
"Плафон, абажур",3,,,130,283,"Длина абажура (плафона, декора), мм",ДлинаАбажура,,,,,,,,,Не отображать в общем фильтре,,Автоматическая сортировка
"Плафон, абажур",3,,,136,284,"Диаметр абажура (плафона, декора), мм",ДиаметрАбажура,,,,,,,,,Не отображать в общем фильтре,,Автоматическая сортировка
"Плафон, абажур",3,,,128,285,"Высота абажура (плафона, декора), мм",ВысотаАбажура,,,,,,,,,Не отображать в общем фильтре,,Автоматическая сортировка
"Плафон, абажур",3,,,132,286,"Верхняя ширина абажура (плафона, декора), мм",ВерхняяШиринаАбажура,,,,,,,,,Не отображать в общем фильтре,,Автоматическая сортировка
"Плафон, абажур",3,,,134,287,"Верхняя длина абажура (плафона, декора), мм",ВерхняяДлинаАбажура,,,,,,,,,Не отображать в общем фильтре,,Автоматическая сортировка
Оптические,4,0,,43,288,"Индекс цветопередачи CRI, RA",ИндексЦветопередачи,,,,CRI [CRI],Индекс цветопередачи (Ra),,,,,,Автоматическая сортировка
Оптические,4,1,,44,289,"Цветовая температура, K",ЦветоваяТемпература,Цветовая температура,"Цветовая темп., К",Цветовая температура,"Цветовая температура, K [LOW_EMISSION]",Цветовая температура,"Цветовая температура, К",,,,,Автоматическая сортировка
Оптические,4,1,,,,"Цветовая температура, K",,,,,,"Цветовая температура, K",,,,,,Автоматическая сортировка
Оптические,4,2,03/22/2022,,290,"Цветовая температура (до), K",,,,,,Цветовая температура (до),,,,Не отображать в общем фильтре,,Автоматическая сортировка
Оптические,4,3,,,291,Цветность света по стандарту EN 12464-1,,,,,,Цветность света по стандарту EN 12464-1,,,,Не отображать в общем фильтре,,Автоматическая сортировка
Оптические,4,3,,45,292,Цвет свечения,,,,Цвет освещения,Цвет свечения [EMISSION_COLOR],Цвет света,,,,Не отображать в общем фильтре,,Автоматическая сортировка
Оптические,4,3,,,,Цвет свечения,,,,,,Цвет свечения,,,,Не отображать в общем фильтре,,Автоматическая сортировка
Оптические,4,4,,40,293,"Световой поток, Лм (для лент Лм/м)",СветовойПоток,Световой поток,"Световой поток, лм (для лент Лм/м)","Световой поток, Lm","Световой поток, Лм [light_flow]",Световой поток,"Световой поток, Лм",,,,,Автоматическая сортировка
Оптические,4,4,,,,"Световой поток, Лм (для лент Лм/м)",,,,,,Световой поток на метр погонный,,,,,,Автоматическая сортировка
Оптические,4,4,,,,"Световой поток, Лм (для лент Лм/м)",,,,,,"Световой поток, Лм",,,,,,Автоматическая сортировка
Оптические,4,5,03/22/2022,,294,"Световой поток (до), Лм (для лент Лм&#47;м)",,,,,,Световой поток (до),,,,Не отображать в общем фильтре,,Автоматическая сортировка
Оптические,4,5,,,,"Световой поток (до), Лм (для лент Лм&#47;м)",,,,,,"Световой поток (до), Лм (для лент Лм/м)",,,,Не отображать в общем фильтре,,Автоматическая сортировка
Оптические,4,6,,,295,"Световой поток на модуль, Лм",,,,,"Световой поток на модуль, Лм [svetovoy_potok_modul]",,,,,Не отображать в общем фильтре,,Автоматическая сортировка
Оптические,4,7,,,295,"Номинал. световой поток в соотв. IEC 62722-2-1, Лм (для лент Лм/м)",,,,,,"Номинал. световой поток в соотв. IEC 62722-2-1, Лм (для лент Лм/м)",,,,Не отображать в общем фильтре,,Автоматическая сортировка
Оптические,4,7,03/22/2022,,296,"Номинал. световой поток в соотв. IEC 62722-2-1, Лм (для лент Лм&#47;м)",,,,,,Номинал. световой поток в соотв. IEC 62722-2-1,,,,Не отображать в общем фильтре,,Автоматическая сортировка
Оптические,4,,,47,297,Угол свечения,,,,,Угол свечения [ugol_svecheniya],,,,,Не отображать в общем фильтре,,Автоматическая сортировка
Оптические,4,,,42,298,"Угол рассеивания, град.",УголРассеивания,,"Угол рассеивания рефлектора, °",,Угол рассевиания [VIEWING_ANGLE],Угол светового пучка,"Угол рассеивания, град",,,,,Автоматическая сортировка
Оптические,4,,,,,"Угол рассеивания, град.",,,,,,Угол светового излучения,,,,,,Автоматическая сортировка
Оптические,4,,,,299,Светораспределение,,,,,,Светораспределение,,,,Не отображать в общем фильтре,,Автоматическая сортировка
Оптические,4,,,,300,Раздельное управление прямым и отраженным светом,,,,,,Раздельное управление прямым и отраженным светом,,,,Не отображать в общем фильтре,,Автоматическая сортировка
Оптические,4,,,,301,Количество световых точек,,,,,,Количество световых точек,,,,Не отображать в общем фильтре,,Автоматическая сортировка
Оптические,4,,,,302,Категория цветности света,,,,,,Категория цветности света,,,,Не отображать в общем фильтре,,Автоматическая сортировка
Оптические,4,,,,303,Выход светового потока,,,,,,Выход светового потока,,,,Не отображать в общем фильтре,,Автоматическая сортировка
Лампы,5,,,37,304,Цоколь,Цоколь,Цоколь,Цоколь ламп,Тип цоколя,Цоколь [cokol],Цоколь (патрон) лампы,Цоколь,,,,,Автоматическая сортировка
Лампы,5,,,,,Цоколь,,,,,,Цоколь,,,,,,Автоматическая сортировка
Лампы,5,,,,,Цоколь,,,,,,Тип цоколя,,,,,,Автоматическая сортировка
Лампы,5,,,,305,Форма лампы/колбы,,,,,,Форма лампы/колбы,Тип колбы лампы,,,Не отображать в общем фильтре,,Автоматическая сортировка
Лампы,5,,,,,Форма лампы/колбы,,,,,,Форма лампы/колбы.,,,,Не отображать в общем фильтре,,Автоматическая сортировка
Лампы,5,,,39,306,Типоразмер лампы,,,Типоразмер лампы,,,,,,,Не отображать в общем фильтре,,Автоматическая сортировка
Лампы,5,,,144,307,Тип светодиодов,,,Тип светодиодов,,Тип светодиода [tip_svetodioda],,,,,Не отображать в общем фильтре,,Автоматическая сортировка
Лампы,5,,,146,308,Размер светодиодов,,Размер светодиода,,,Размер светодиода [razmer_svetodioda],,,,,Не отображать в общем фильтре,,Автоматическая сортировка
Лампы,5,,,,309,Обозначение лампы,,,,,,Обозначение лампы,,,,Не отображать в общем фильтре,,Автоматическая сортировка
Лампы,5,,,151,310,Максимальная ширина ленты,,,,,Максимальная ширина ленты [maksimalnaya_shirina_lenty],,,,,Не отображать в общем фильтре,,Автоматическая сортировка
Лампы,5,,,36,311,Лампа в комплекте,ЛампыВКомплекте,Лампа в комплекте,,Лампы в комплекте,,С ламп. (источником света) в комплекте,,,,Не отображать в общем фильтре,,Автоматическая сортировка
Лампы,5,,,149,312,"Кратность резки, мм",,,"Кратность отреза, мм",,"Кратность резки, мм [kratnost_rezki]",Длина модуля резки,,,,Не отображать в общем фильтре,,Автоматическая сортировка
Лампы,5,,03/22/2022,,,"Кратность резки, мм",,,,,,Кратность резки,,,,Не отображать в общем фильтре,,Автоматическая сортировка
Лампы,5,,,150,313,"Кратность резки, LED",,,,,"Кратность резки, LED [kratnost_rezki_led]",,,,,Не отображать в общем фильтре,,Автоматическая сортировка
Лампы,5,,,145,314,Количество светодиодов,,,,,Количество светодиодов [NUMBER_OF_LEDS],,,,,Не отображать в общем фильтре,,Автоматическая сортировка
Лампы,5,,,148,315,Количество рядов,,,,,Количество рядов [kolichestvo_ryadov],,,,,Не отображать в общем фильтре,,Автоматическая сортировка
Лампы,5,,,147,316,"Кол-во светодиодов, шт/м",,,Кол-во LED на метр,,"Кол-во светодиодов, шт/м [kol_vo_svetodiodov_shtm]",Количество источников света на 1 метр погонный,,,,Не отображать в общем фильтре,,Автоматическая сортировка
Лампы,5,,,38,317,"Кол-во ламп, шт",КоличествоЛамп,,"Количество ламп, шт",Количество ламп,,Количество ламп (источников света),Количество ламп,,,,,Автоматическая сортировка
Лампы,5,,,,,"Кол-во ламп, шт",,,,,,Количество ламп,,,,,,Автоматическая сортировка
Лампы,5,,,,318,Кол-во диодов на сегмент,,,,,Кол-во диодов на сегмент [diod_segment],,,,,Не отображать в общем фильтре,,Автоматическая сортировка
Лампы,5,,,,319,Значения мощности ламп с мультиваттным ЭПРА,,,,,,Значения мощности ламп с мультиваттным ЭПРА,,,,Не отображать в общем фильтре,,Автоматическая сортировка
Лампы,5,,,152,320,"Длина катушки, мм ",,,,,"Длина, мм [dlina_katushki]",,,,,Не отображать в общем фильтре,,Автоматическая сортировка
Лампы,5,,,,321,"Встроенные светодиоды, Да/Нет",,,"Встроенные светодиоды, Да/Нет",,,,,,,Не отображать в общем фильтре,,Автоматическая сортировка
Лампы,5,,,46,322,Аналог лампы накаливания,АналогЛампыНакаливания,,,,,,,,,Не отображать в общем фильтре,,Автоматическая сортировка
Лампы,5,,,143,323,"Max длина светодиодной ленты, м",,,"Max длина низковольтной линии (светодиодной ленты), м",,,,,,,Не отображать в общем фильтре,,Автоматическая сортировка
Электрические,6,1,,50,324,"Пылевлагозащита, IP",ingress_protection_rating,Степень защиты IP,"Пылевлагозащита, IP","Степень защиты, IP","Степень защиты, IP [PROTECTION_LEVEL]",Степень защиты (IP),"IP, степень пылевлагозащиты",,,,,Автоматическая сортировка
Электрические,6,1,,,,"Пылевлагозащита, IP",,,,,,Степень защиты IP,,,,,,Автоматическая сортировка
Электрические,6,2,22.03.22 изменил название,52,325,"Напряжение, В",Напряжение,Напряжение,"Напряжение питания ламп, В",,"Рабочее напряжение, В [rabochee_napryazhenie]","Номин. напряжение, В",Напряжение,,,,,Автоматическая сортировка
Электрические,6,2,,,,"Напряжение, В",,,,,,Номин. напряжение,,,,,,Автоматическая сортировка
Электрические,6,2,22.03.22 изменил название,,,"Напряжение, В",,,,,,Напряжение,,,,,,Автоматическая сортировка
Электрические,6,2,22.03.22 изменил название,,,"Напряжение, В",,,,,,Номин. раб. напряжение,,,,,,Автоматическая сортировка
Электрические,6,3,,,326,Напряжение (до),,,,,,Напряжение (до),,,,Не отображать в общем фильтре,,Автоматическая сортировка
Электрические,6,4,03/22/2022,,327,"Напряжение лампы, В",,,,,,Напряжение лампы,"Напряжение питания лампы, В",,,Не отображать в общем фильтре,,Автоматическая сортировка
Электрические,6,5,,,328,Напряжение лампы (до),,,,,,Напряжение лампы (до),,,,Не отображать в общем фильтре,,Автоматическая сортировка
Электрические,6,6,,53,329,"Мощность ламп, Вт",Мощность,Мощность,"Мощность лампы (Max), Вт","Мощность, W",,Мощность лампы,"Максимальная мощность лампы, Вт",,,Не отображать в общем фильтре,,Автоматическая сортировка
Электрические,6,6,,,,"Мощность ламп, Вт",,,,,,Макс. мощность лампы,,,,Не отображать в общем фильтре,,Автоматическая сортировка
Электрические,6,7,03/22/2022,,330,"Мощность лампы (до), Вт",,,,,,Мощность лампы (до),,,,Не отображать в общем фильтре,,Автоматическая сортировка
Электрические,6,8,03/22/2022,,331,"Мощность, Вт",,,,,,Мощность,Мощность,,,Не отображать в общем фильтре,,Автоматическая сортировка
Электрические,6,8,,,332,Мощность (до),,,,,,Мощность (до),,,,Не отображать в общем фильтре,,Автоматическая сортировка
Электрические,6,9,22.03.22 изменил название,Изменено название,333,"Общая мощность, Вт",,,"Суммарная мощность ЛОН, Вт","Общая мощность, W","Мощность, Вт [POWER]",Макс. мощность системы,"Общая мощность, Вт",,,Не отображать в общем фильтре,,Автоматическая сортировка
Электрические,6,9,22.03.22 изменил название,,,"Общая мощность, Вт",,,,,,"Мощность, Вт",,,,Не отображать в общем фильтре,,Автоматическая сортировка
Электрические,6,9,22.03.22 изменил название,,,"Общая мощность, Вт",,,,,,Номин. мощность,,,,Не отображать в общем фильтре,,Автоматическая сортировка
Электрические,6,9,22.03.22 изменил название,,,"Общая мощность, Вт",,,,,,Выход. Мощность,,,,Не отображать в общем фильтре,,Автоматическая сортировка
Электрические,6,9,22.03.22 изменил название,55,334,"Общая мощность LED, Вт",,,"Суммарная мощность LED, Вт",,,,,,,Не отображать в общем фильтре,,Автоматическая сортировка
Электрические,6,10,,56,335,"Мощность ленты на 1м, Вт/м",,,"Мощность ленты на один метр, Вт/м",,"Мощность 1м, Вт [POWER_1METR]",Мощность источников света на 1 метр погонный,,,,,,Автоматическая сортировка
Электрические,6,11,,,336,"Мощность модуля, Вт",,,,,"Мощность модуля, Вт [moshchnost_na_modul]",,,,,Не отображать в общем фильтре,,Автоматическая сортировка
Электрические,6,12,,60,337,"Ток, А/м",,,,,"Ток, А/м [tok_am]",,,,,Не отображать в общем фильтре,,Автоматическая сортировка
Электрические,6,13,03/22/2022,,338,"Номин. Ток, А",,,,,,Номин. Ток,,,,Не отображать в общем фильтре,,Автоматическая сортировка
Электрические,6,14,,,339,"Максимальный ток, А",,,,,"Максимальный ток, А [max_tok]",,,,,Не отображать в общем фильтре,,Автоматическая сортировка
Электрические,6,14,,65,340,"Максимальный ток на канал, А",,,,,"Максимальный ток на канал, А [max_tok_kanal]",,,,,Не отображать в общем фильтре,,Автоматическая сортировка
Электрические,6,14,,62,341,"Максимальный выходной ток (на канал), А",,,,,"Максимальный выходной ток, А [output_current]",Выходной ток,,,,,,Автоматическая сортировка
Электрические,6,14,,,,"Максимальный выходной ток (на канал), А",,,,,,"Выход. ток, А",,,,,,Автоматическая сортировка
Электрические,6,14,03/22/2022,,,"Максимальный выходной ток (на канал), А",,,,,,Макс. выход. Ток,,,,,,Автоматическая сортировка
Электрические,6,15,,61,342,"Выходной ток, мА",,,"Выходная сила тока на канал, мА",,"Выходной ток, мА [Vihodnoy_tok_ma]",Выход. ток,,,,,,Автоматическая сортировка
Электрические,6,16,03/22/2022,,343,"Выходной ток (до), А",,,,,,Выходной ток (до),,,,Не отображать в общем фильтре,,Автоматическая сортировка
Электрические,6,16,,,,"Выходной ток (до), А",,,,,,"Выходной ток (до), А",,,,Не отображать в общем фильтре,,Автоматическая сортировка
Электрические,6,17,,64,344,"Выходной ток драйвера, мА",,,,,"Выходной ток драйвера, мА [vyhodnoy_tok_drayvera_ma]",,,,,,,Автоматическая сортировка
Электрические,6,,,,345,Шина передачи данных по силовым проводам,,,,,,Шина передачи данных по силовым проводам,,,,Не отображать в общем фильтре,,Автоматическая сортировка
Электрические,6,,,,346,Шина передачи данных LON,,,,,,Шина передачи данных LON,,,,Не отображать в общем фильтре,,Автоматическая сортировка
Электрические,6,,,,347,Шина передачи данных KNX радио,,,,,,Шина передачи данных KNX радио,,,,Не отображать в общем фильтре,,Автоматическая сортировка
Электрические,6,,,,348,Шина передачи данных KNX,,,,,,Шина передачи данных KNX,,,,Не отображать в общем фильтре,,Автоматическая сортировка
Электрические,6,,03/22/2022,,349,"Частота, МГц",,,,,,Частота,,,,Не отображать в общем фильтре,,Автоматическая сортировка
Электрические,6,,03/22/2022,,350,"Частота (до), МГц",,,,,,Частота (до),,,,Не отображать в общем фильтре,,Автоматическая сортировка
Электрические,6,,,,351,Характеристики драйвера,,,,,Характеристики драйвера [harakteristiki_drayvera],,,,,Не отображать в общем фильтре,,Автоматическая сортировка
Электрические,6,,,,352,Функция выключения,,,,,,Функция выключения,,,,Не отображать в общем фильтре,,Автоматическая сортировка
Электрические,6,,,,353,Управляюшее напряжение (до),,,,,,Управляюшее напряжение (до),,,,Не отображать в общем фильтре,,Автоматическая сортировка
Электрические,6,,,,354,Управляюшее напряжение,,,,,,Управляюшее напряжение,,,,Не отображать в общем фильтре,,Автоматическая сортировка
Электрические,6,,,,355,Управление цветом (RGB),,,,,,Управление цветом (RGB),,,,Не отображать в общем фильтре,,Автоматическая сортировка
Электрические,6,,,,356,Управление (изменение) цветовой температурой,,,,,,Управление (изменение) цветовой температурой,,,,Не отображать в общем фильтре,,Автоматическая сортировка
Электрические,6,,,,357,Тип управляющего аппарата (ПРА),,,,,,Тип управляющего аппарата (ПРА),,,,Не отображать в общем фильтре,,Автоматическая сортировка
Электрические,6,,,67,358,Тип управления,,,Тип ДУ,Пульт ДУ,Тип управления [tip_upravleniya],,,,,Не отображать в общем фильтре,,Автоматическая сортировка
Электрические,6,,,,359,Тип тока,,,,,,Тип тока,,,,Не отображать в общем фильтре,,Автоматическая сортировка
Электрические,6,,,,360,Тип регулировки,,,,,,Тип регулировки,,,,Не отображать в общем фильтре,,Автоматическая сортировка
Электрические,6,,,,361,Тип напряжения,,,,,,Тип напряжения,,,,Не отображать в общем фильтре,,Автоматическая сортировка
Электрические,6,,,74,362,Тип диммирования,,,,,Тип диммирования [tip_dimmirovaniya],Тип диммирования,,,,Не отображать в общем фильтре,,Автоматическая сортировка
Электрические,6,,,71,363,Тип датчика,,,,,Тип датчика [tip_datchika],Тип датчика,,,,Не отображать в общем фильтре,,Автоматическая сортировка
Электрические,6,,,,364,Тип выход. напряжения,,,,,,Тип выход. напряжения,,,,Не отображать в общем фильтре,,Автоматическая сортировка
Электрические,6,,,,365,Схема подключения,,,,,,Схема подключения,,,,Не отображать в общем фильтре,,Автоматическая сортировка
Электрические,6,,,51,366,Степень защиты чаши крепления,Чаша крепления,,,,,,,,,Не отображать в общем фильтре,,Автоматическая сортировка
Электрические,6,,,,367,Стабилизированное,,,,,,Стабилизированное,,,,Не отображать в общем фильтре,,Автоматическая сортировка
Электрические,6,,,,368,Способ подключения,,,,,,Способ подключения,,,,Не отображать в общем фильтре,,Автоматическая сортировка
Электрические,6,,,,369,Специальное питание,,,,,,Специальное питание,,,,Не отображать в общем фильтре,,Автоматическая сортировка
Электрические,6,,,,370,Сигнальный контакт состояния,,,,,,Сигнальный контакт состояния,,,,Не отображать в общем фильтре,,Автоматическая сортировка
Электрические,6,,,,371,С шунтом (перемычкой),,,,,,С шунтом (перемычкой),,,,Не отображать в общем фильтре,,Автоматическая сортировка
Электрические,6,,,,372,С датчиком движения,,,,,,С датчиком движения,,,,Не отображать в общем фильтре,,Автоматическая сортировка
Электрические,6,,,,373,Ручное переключение,,,,,,Ручное переключение,,,,Не отображать в общем фильтре,,Автоматическая сортировка
Электрические,6,,,,374,Режим аварийного освещения,,,,,,Режим аварийного освещения,,,,Не отображать в общем фильтре,,Автоматическая сортировка
Электрические,6,,,,375,Регулируемый дифференциал,,,,,,Регулируемый дифференциал,,,,Не отображать в общем фильтре,,Автоматическая сортировка
Электрические,6,,,,376,Регулировка порога срабатывания по чувствительности,,,,,,Регулировка порога срабатывания по чувствительности,,,,Не отображать в общем фильтре,,Автоматическая сортировка
Электрические,6,,,,377,"Размер секции, мм",,,,,"Размер секции, мм [razmer_sekcii]",,,,,Не отображать в общем фильтре,,Автоматическая сортировка
Электрические,6,,,,378,Радиочастотная шина передачи данных,,,,,,Радиочастотная шина передачи данных,,,,Не отображать в общем фильтре,,Автоматическая сортировка
Электрические,6,,,,379,Радиосистема,,,,,,Радиосистема,,,,Не отображать в общем фильтре,,Автоматическая сортировка
Электрические,6,,,,380,Рабочее напряжение (до),,,,,,Рабочее напряжение (до),,,,Не отображать в общем фильтре,,Автоматическая сортировка
Электрические,6,,,,381,Рабочее напряжение,,,,,,Рабочее напряжение,,,,Не отображать в общем фильтре,,Автоматическая сортировка
Электрические,6,,,,382,Производитель чипа,,,,,Производитель чипа [proizvoditel_chipa],,,,,Не отображать в общем фильтре,Не отображать в карточке товара,Автоматическая сортировка
Электрические,6,,,,383,Программируемый,,,,,,Программируемый,,,,Не отображать в общем фильтре,,Автоматическая сортировка
Электрические,6,,,,384,Принцип работы,,,,,,Принцип работы,,,,Не отображать в общем фильтре,,Автоматическая сортировка
Электрические,6,,,,385,ПРА в комплекте,,,,,,ПРА в комплекте,,,,Не отображать в общем фильтре,,Автоматическая сортировка
Электрические,6,,,,386,Потребление энергии в режиме ожидания,,,,,,Потребление энергии в режиме ожидания,,,,Не отображать в общем фильтре,,Автоматическая сортировка
Электрические,6,,,,387,Потери на разветвлении при 860 МГц,,,,,,Потери на разветвлении при 860 МГц,,,,Не отображать в общем фильтре,,Автоматическая сортировка
Электрические,6,,,,388,Потери на разветвлении при 2150 МГц,,,,,,Потери на разветвлении при 2150 МГц,,,,Не отображать в общем фильтре,,Автоматическая сортировка
Электрические,6,,,,389,Потери в ответвителе при 860 МГц,,,,,,Потери в ответвителе при 860 МГц,,,,Не отображать в общем фильтре,,Автоматическая сортировка
Электрические,6,,,,390,Потери в ответвителе при 2150 МГц,,,,,,Потери в ответвителе при 2150 МГц,,,,Не отображать в общем фильтре,,Автоматическая сортировка
Электрические,6,,,,391,Потенциометр диммирования (встроенный),,,,,,Потенциометр диммирования (встроенный),,,,Не отображать в общем фильтре,,Автоматическая сортировка
Электрические,6,,,,392,Постоянный контроль освещённости,,,,,,Постоянный контроль освещённости,,,,Не отображать в общем фильтре,,Автоматическая сортировка
Электрические,6,,,,393,Подхватывание фазы,,,,,,Подхватывание фазы,,,,Не отображать в общем фильтре,,Автоматическая сортировка
Электрические,6,,03/22/2022,,394,"Подключаем. нагрузка (потребляем. мощность), Вт",,,,,,Подключаем. нагрузка (потребляем. мощность),,,,Не отображать в общем фильтре,,Автоматическая сортировка
Электрические,6,,,,395,Питание через шину/трек,,,,,,Питание через шину/трек,,,,Не отображать в общем фильтре,,Автоматическая сортировка
Электрические,6,,,,396,Питание,,,,,Питание [pitanie],,,,,Не отображать в общем фильтре,,Автоматическая сортировка
Электрические,6,,,,397,"Первичное/вход. напряжение (до), В",,,,,,"Первичное/вход. напряжение (до), В",,,,Не отображать в общем фильтре,,Автоматическая сортировка
Электрические,6,,,,398,Первичное/вход. напряжение,,,,,,Первичное/вход. напряжение,,,,Не отображать в общем фильтре,,Автоматическая сортировка
Электрические,6,,03/22/2022,,399,"Первичное&#47;вход. Напряжение, В",,,,,,Первичное&#47;вход. Напряжение,,,,Не отображать в общем фильтре,,Автоматическая сортировка
Электрические,6,,03/22/2022,,400,"Первичное&#47;вход. напряжение (до), В",,,,,,Первичное&#47;вход. напряжение (до),,,,Не отображать в общем фильтре,,Автоматическая сортировка
Электрические,6,,,,401,Номин. ток утечки,,,,,,Номин. ток утечки,,,,Не отображать в общем фильтре,,Автоматическая сортировка
Электрические,6,,,,402,Номин. ток розетки,,,,,,Номин. ток розетки,,,,Не отображать в общем фильтре,,Автоматическая сортировка
Электрические,6,,03/22/2022,,403,"Номин. раб. напряжение (до), В",,,,,,Номин. раб. напряжение (до),,,,Не отображать в общем фильтре,,Автоматическая сортировка
Электрические,6,,03/22/2022,,404,"Номин. напряжение (до), В",,,,,,Номин. напряжение (до),,,,Не отображать в общем фильтре,,Автоматическая сортировка
Электрические,6,,03/22/2022,,405,"Номин. мощность (до), Вт",,,,,,Номин. мощность (до),,,,Не отображать в общем фильтре,,Автоматическая сортировка
Электрические,6,,,72,406,Наличие сенсора,,,,,Наличие сенсора [nalichie_sensora],,,,,Не отображать в общем фильтре,,Автоматическая сортировка
Электрические,6,,,76,407,Наличие вентилятора,,,,,Наличие вентилятора [nalichie_ventilyatora],,,,,Не отображать в общем фильтре,,Автоматическая сортировка
Электрические,6,,,,408,Модульная ширина (общ. кол-во модульных расстояний),,,,,,Модульная ширина (общ. кол-во модульных расстояний),,,,Не отображать в общем фильтре,,Автоматическая сортировка
Электрические,6,,,,409,Мин. значение диапазона измерения,,,,,,Мин. значение диапазона измерения,,,,Не отображать в общем фильтре,,Автоматическая сортировка
Электрические,6,,,57,410,"Максимальная мощность ленты на 1м, Вт/м",,,,,"Максимальная мощность ленты на 1м, Вт [maks_mosht_na_1m_vt]",,,,,Не отображать в общем фильтре,,Автоматическая сортировка
Электрические,6,,,,411,Макс. управляющий ток,,,,,,Макс. управляющий ток,,,,Не отображать в общем фильтре,,Автоматическая сортировка
Электрические,6,,03/22/2022,,412,"Макс. ток коммутируем. резистивной нагрузки, А",,,,,,Макс. ток коммутируем. резистивной нагрузки,,,,Не отображать в общем фильтре,,Автоматическая сортировка
Электрические,6,,,,413,Макс. напряжение прикосновения,,,,,,Макс. напряжение прикосновения,,,,Не отображать в общем фильтре,,Автоматическая сортировка
Электрические,6,,,,414,Макс. коммутируем. ток,,,,,,Макс. коммутируем. ток,,,,Не отображать в общем фильтре,,Автоматическая сортировка
Электрические,6,,03/22/2022,,415,"Макс. коммутационная мощность (подключ. нагрузка), Вт",,,,,,Макс. коммутационная мощность (подключ. нагрузка),,,,Не отображать в общем фильтре,,Автоматическая сортировка
Электрические,6,,,,416,Макс. количество переключающих контактов,,,,,,Макс. количество переключающих контактов,,,,Не отображать в общем фильтре,,Автоматическая сортировка
Электрические,6,,,,417,Макс. значение диапазона измерения,,,,,,Макс. значение диапазона измерения,,,,Не отображать в общем фильтре,,Автоматическая сортировка
Электрические,6,,,,418,"Макс. дальность действия (фронтально), м",,,,,,"Макс. дальность действия (фронтально), м",,,,Не отображать в общем фильтре,,Автоматическая сортировка
Электрические,6,,03/22/2022,,419,"Макс. выход. Ток, мА",,,,,,,,,,Не отображать в общем фильтре,,Автоматическая сортировка
Электрические,6,,,83,420,"КПД, %",,,,,КПД [kpd],,,,,Не отображать в общем фильтре,,Автоматическая сортировка
Электрические,6,,,82,421,"Коэффициент мощности, PF",,,,,PF [PF],,,,,Не отображать в общем фильтре,,Автоматическая сортировка
Электрические,6,,,,422,Контрольное оборудование,,,,,,Контрольное оборудование,,,,Не отображать в общем фильтре,,Автоматическая сортировка
Электрические,6,,03/22/2022,,423,"Коммутируем. Напряжение, В",,,,,,Коммутируем. Напряжение,,,,Не отображать в общем фильтре,,Автоматическая сортировка
Электрические,6,,03/22/2022,,424,"Коммутируем. напряжение (до), Вт",,,,,"Коммутируем. напряжение (до), Вт",Коммутируем. напряжение (до),,,,Не отображать в общем фильтре,,Автоматическая сортировка
Электрические,6,,03/22/2022,,425,"Коммутируем. Нагрузка, Вт",,,,,,Коммутируем. Нагрузка,,,,Не отображать в общем фильтре,,Автоматическая сортировка
Электрические,6,,,,426,Коммутируем. нагрузка для люминесц. ламп,,,,,,Коммутируем. нагрузка для люминесц. ламп,,,,Не отображать в общем фильтре,,Автоматическая сортировка
Электрические,6,,,,427,Коммутируем. нагрузка (до),,,,,,Коммутируем. нагрузка (до),,,,Не отображать в общем фильтре,,Автоматическая сортировка
Электрические,6,,03/22/2022,,428,"Коммутируем. Мощность, Вт",,,,,,Коммутируем. Мощность,,,,Не отображать в общем фильтре,,Автоматическая сортировка
Электрические,6,,03/22/2022,,429,"Коммутируем. мощность (до), Вт",,,,,,Коммутируем. мощность (до),,,,Не отображать в общем фильтре,,Автоматическая сортировка
Электрические,6,,,,430,Коммутируем. мощность (вентиляция и климат) (до),,,,,,Коммутируем. мощность (вентиляция и климат) (до),,,,Не отображать в общем фильтре,,Автоматическая сортировка
Электрические,6,,,,431,Коммутируем. мощность (вентиляция и климат),,,,,,Коммутируем. мощность (вентиляция и климат),,,,Не отображать в общем фильтре,,Автоматическая сортировка
Электрические,6,,,,432,Количество фаз,,,Количество фаз,,,Количество фаз,,,,Не отображать в общем фильтре,,Автоматическая сортировка
Электрические,6,,,,433,Количество питаемых линий,,,,,,Количество питаемых линий,,,,Не отображать в общем фильтре,,Автоматическая сортировка
Электрические,6,,,66,434,"Количество каналов, шт",,,"Количество каналов, шт",,"Кол-во каналов, шт [kolichestvovo_kanalov]",,,,,Не отображать в общем фильтре,,Автоматическая сортировка
Электрические,6,,,86,435,"Количество зон управления, шт",,,,,"Количество зон управления, шт [kolvo_zon_upravl]",,,,,Не отображать в общем фильтре,,Автоматическая сортировка
Электрические,6,,,,436,Количество групп/фаз,,,,,,Количество групп/фаз,,,,Не отображать в общем фильтре,,Автоматическая сортировка
Электрические,6,,,,437,Количество выходов,,,,,,Количество выходов,,,,Не отображать в общем фильтре,,Автоматическая сортировка
Электрические,6,,,,438,Количество входов,,,,,,Количество входов,,,,Не отображать в общем фильтре,,Автоматическая сортировка
Электрические,6,,,,439,Класс энергоэффективности стационарной встроенной лампы,,,,,,Класс энергоэффективности стационарной встроенной лампы,,,,Не отображать в общем фильтре,,Автоматическая сортировка
Электрические,6,,,49,440,Класс электрозащиты,Класс Электрозащиты,,,,,,Класс электро-безопасности,,,Не отображать в общем фильтре,,Автоматическая сортировка
Электрические,6,,,,,Класс электрозащиты,КлассЭлектрозащиты,,,,,,,,,Не отображать в общем фильтре,,Автоматическая сортировка
Электрические,6,,,,441,Импульсно-зажигающее устройство (ИЗУ),,,,,,Импульсно-зажигающее устройство (ИЗУ),,,,Не отображать в общем фильтре,,Автоматическая сортировка
Электрические,6,,,,442,ИЗУ в комплекте,,,,,,ИЗУ в комплекте,,,,Не отображать в общем фильтре,,Автоматическая сортировка
Электрические,6,,,,443,Защитный круглый контакт (штырь) заземления,,,,,,Защитный круглый контакт (штырь) заземления,,,,Не отображать в общем фильтре,,Автоматическая сортировка
Электрические,6,,,,444,Защитный контакт,,,,,,Защитный контакт,,,,Не отображать в общем фильтре,,Автоматическая сортировка
Электрические,6,,,75,445,Защита от превышения входного напряжения,,,,,Защита от превышения входного напряжения [zashchita_ot_vhod_napryazh],,,,,Не отображать в общем фильтре,,Автоматическая сортировка
Электрические,6,,,,446,Защита от перенапряжения,,,,,,Защита от перенапряжения,,,,Не отображать в общем фильтре,,Автоматическая сортировка
Электрические,6,,,69,447,Защита от перегрузки,,,,,Защита от перегрузки [zashchita_ot_peregruzki],,,,,Не отображать в общем фильтре,,Автоматическая сортировка
Электрические,6,,,70,448,Защита от перегрева,,,,,Защита от перегрева [zashchita_ot_peregreva],,,,,Не отображать в общем фильтре,,Автоматическая сортировка
Электрические,6,,,68,449,Защита от КЗ,,,,,Защита от КЗ [protection_kz],,,,,Не отображать в общем фильтре,,Автоматическая сортировка
Электрические,6,,,,450,Другие шинные системы,,,,,,Другие шинные системы,,,,Не отображать в общем фильтре,,Автоматическая сортировка
Электрические,6,,,87,451,"Длина волны, нм",,,,,"Длина волны, нм [dlina_volny_nm]",,,,,Не отображать в общем фильтре,,Автоматическая сортировка
Электрические,6,,,,452,Дифференциальные значения (до),,,,,,Дифференциальные значения (до),,,,Не отображать в общем фильтре,,Автоматическая сортировка
Электрические,6,,,,453,Дифференциальные значения,,,,,,Дифференциальные значения,,,,Не отображать в общем фильтре,,Автоматическая сортировка
Электрические,6,,,,454,Дифференциальная защита по току,,,,,,Дифференциальная защита по току,,,,Не отображать в общем фильтре,,Автоматическая сортировка
Электрические,6,,,,455,Диммирование с отсечкой фазы по переднему фронту,,,,,,Диммирование с отсечкой фазы по переднему фронту,,,,Не отображать в общем фильтре,,Автоматическая сортировка
Электрические,6,,,,456,Диммирование с отсечкой фазы по заднему фронту,,,,,,Диммирование с отсечкой фазы по заднему фронту,,,,Не отображать в общем фильтре,,Автоматическая сортировка
Электрические,6,,,,457,Диммирование посредством нажимной кнопки,,,,,,Диммирование посредством нажимной кнопки,,,,Не отображать в общем фильтре,,Автоматическая сортировка
Электрические,6,,,,458,Диммирование касанием,,,,,,Диммирование касанием,,,,Не отображать в общем фильтре,,Автоматическая сортировка
Электрические,6,,,,459,Диммирование RF,,,,,,Диммирование RF,,,,Не отображать в общем фильтре,,Автоматическая сортировка
Электрические,6,,,,460,Диммирование DMX,,,,,,Диммирование DMX,,,,Не отображать в общем фильтре,,Автоматическая сортировка
Электрические,6,,,,461,Диммирование DALI,,,,,,Диммирование DALI,,,,Не отображать в общем фильтре,,Автоматическая сортировка
Электрические,6,,,,462,Диммирование 1-10 В,,,,,,Диммирование 1-10 В,,,,Не отображать в общем фильтре,,Автоматическая сортировка
Электрические,6,,,,463,Диммирование 0-10 В,,,,,,Диммирование 0-10 В,,,,Не отображать в общем фильтре,,Автоматическая сортировка
Электрические,6,,,73,464,Диммирование,,,Диммирование [dimmirovanie],Диммер,Диммирование [dimmirovanie],Диммируемый (-ая),,,,Не отображать в общем фильтре,,Автоматическая сортировка
Электрические,6,,,59,465,"Диапазон выходных напряжений драйвера, В",,,,,"Диапазон выходных напряжений драйвера, В [dia_vyhod_napryaz_drayvera]",,,,,Не отображать в общем фильтре,,Автоматическая сортировка
Электрические,6,,,,466,Датчик освещенности,,,,Датчик освещенности,,,,,,Не отображать в общем фильтре,,Автоматическая сортировка
Электрические,6,,,,467,Датчик движения,,,,Датчик движения,,,,,,Не отображать в общем фильтре,,Автоматическая сортировка
Электрические,6,,,84,468,Выходной сигнал,,,,,Выходной сигнал [vihodnoy_signal],,,,,Не отображать в общем фильтре,,Автоматическая сортировка
Электрические,6,,,,469,"Выходной диапазон напряжений драйвера, В",,,,,"Выходной диапазон напряжений драйвера, В [vyh_dia_napryazh_drayvera]",,,,,Не отображать в общем фильтре,,Автоматическая сортировка
Электрические,6,,,58,470,"Выходное напряжение, В",,,"Выходное напряжение, В",,"Выходное напряжение, В [output_voltage]",Выход. напряжение,,,,Не отображать в общем фильтре,,Автоматическая сортировка
Электрические,6,,,,471,"Выход. напряжение, В",,,,,,"Выход. напряжение, В",,,,Не отображать в общем фильтре,,Автоматическая сортировка
Электрические,6,,03/22/2022,,472,"Выход. напряжение (до), В",,,,,,Выход. напряжение (до),,,,Не отображать в общем фильтре,,Автоматическая сортировка
Электрические,6,,,,473,Выход. мощность (до),,,,,,Выход. мощность (до),,,,Не отображать в общем фильтре,,Автоматическая сортировка
Электрические,6,,,,474,"Вход. напряжение, В",,,,,,"Вход. напряжение, В",,,,Не отображать в общем фильтре,,Автоматическая сортировка
Электрические,6,,03/22/2022,,475,"Вторичное напряжение, В",,,,,,Вторичное напряжение,,,,Не отображать в общем фильтре,,Автоматическая сортировка
Электрические,6,,,,476,Возможность увеличения мощности,,,,,,Возможность увеличения мощности,,,,Не отображать в общем фильтре,,Автоматическая сортировка
Электрические,6,,,,477,Возможность подключения в сеть,,,,,,Возможность подключения в сеть,,,,Не отображать в общем фильтре,,Автоматическая сортировка
Электрические,6,,,,478,Без функции диммирования,,,,,,Без функции диммирования,,,,Не отображать в общем фильтре,,Автоматическая сортировка
Электрические,6,,,85,479,Батарея,,,,,Батарея [battery],,,,,Не отображать в общем фильтре,,Автоматическая сортировка
Электрические,6,,,,480,HVAC/климат-контроль,,,,,,HVAC/климат-контроль,,,,Не отображать в общем фильтре,,Автоматическая сортировка
Монтаж,7,,,29,481,"Ширина монтажного отверстия, мм",ШиринаМонтажногоОтверстияВстраиваемогоСветильника,,"Ширина основания (отверстия встройки), мм",,"Ширина встройки, мм [Shirina_vstroiki]",Ширина установочная (встраив.),,,,Не отображать в общем фильтре,,Автоматическая сортировка
Монтаж,7,,,26,482,Форма монтажного отверстия,ФормаМонтажногоОтверстияВстраиваемогоСветильника,,,,,,,,,Не отображать в общем фильтре,,Автоматическая сортировка
Монтаж,7,,,,483,Установка в кабель-канал,,,,,,Установка в кабель-канал,,,,Не отображать в общем фильтре,,Автоматическая сортировка
Монтаж,7,,,22,484,Тип монтажа,ТипМонтажаВстраиваемогоСветильника,Тип монтажа,"Монтаж, Врезной / Накладной",,Тип монтажа [mounting_type],Тип монтажа (способ установки).,,,,Не отображать в общем фильтре,,Автоматическая сортировка
Монтаж,7,,,,,Тип монтажа,,,,,,Способ монтажа,,,,Не отображать в общем фильтре,,Автоматическая сортировка
Монтаж,7,,,25,485,Тип крепления к потолку,ТипПотолочногоКрепления,,"Крепление, На планку / На крюк / Пружинное",,,,,,,Не отображать в общем фильтре,,Автоматическая сортировка
Монтаж,7,,,,486,Тип крепления,,,,,,Тип крепления,,,,Не отображать в общем фильтре,,Автоматическая сортировка
Монтаж,7,,,,487,Способ монтажа,,,,,Способ монтажа [sposob_montaj],,,,,Не отображать в общем фильтре,,Автоматическая сортировка
Монтаж,7,,,,488,С монтажной скобой,,,,,,С монтажной скобой,,,,Не отображать в общем фильтре,,Автоматическая сортировка
Монтаж,7,,,24,489,Помещения,Типы помещении,,Зона размещения,,,,,,,Не отображать в общем фильтре,,Автоматическая сортировка
Монтаж,7,,,,490,Подходит для установки в пол,,,,,,Подходит для установки в пол,,,,Не отображать в общем фильтре,,Автоматическая сортировка
Монтаж,7,,,,491,Подходит для установки в кабель-канал,,,,,,Подходит для установки в кабель-канал,,,,Не отображать в общем фильтре,,Автоматическая сортировка
Монтаж,7,,,,492,Подходит для степени защиты (IP),,,,,,Подходит для степени защиты (IP),,,,Не отображать в общем фильтре,,Автоматическая сортировка
Монтаж,7,,,,493,Подходит для скрытого монтажа (заподлицо),,,,,,Подходит для скрытого монтажа (заподлицо),,,,Не отображать в общем фильтре,,Автоматическая сортировка
Монтаж,7,,,,494,Подходит для сенсорных разъёмов шинной системы,,,,,,Подходит для сенсорных разъёмов шинной системы,,,,Не отображать в общем фильтре,,Автоматическая сортировка
Монтаж,7,,,,495,Подходит для светодиодной ленты,,,,,,Подходит для светодиодной ленты,,,,Не отображать в общем фильтре,,Автоматическая сортировка
Монтаж,7,,,,496,Подходит для рабочего места с монитором EN 12464-1,,,,,,Подходит для рабочего места с монитором EN 12464-1,,,,Не отображать в общем фильтре,,Автоматическая сортировка
Монтаж,7,,,,497,Подходит для прокладки сквозной проводки,,,,,,Подходит для прокладки сквозной проводки,,,,Не отображать в общем фильтре,,Автоматическая сортировка
Монтаж,7,,,,498,Подходит для постоянного тока,,,,,,Подходит для постоянного тока,,,,Не отображать в общем фильтре,,Автоматическая сортировка
Монтаж,7,,,,499,Подходит для постоянного напряжения,,,,,,Подходит для постоянного напряжения,,,,Не отображать в общем фильтре,,Автоматическая сортировка
Монтаж,7,,,,500,Подходит для подвесного монтажа,,,,,,Подходит для подвесного монтажа,,,,Не отображать в общем фильтре,,Автоматическая сортировка
Монтаж,7,,,,501,Подходит для печей/ духовых шкафов,,,,,,Подходит для печей/ духовых шкафов,,,,Не отображать в общем фильтре,,Автоматическая сортировка
Монтаж,7,,,,502,Подходит для организации световых линий,,,,,,Подходит для организации световых линий,,,,Не отображать в общем фильтре,,Автоматическая сортировка
Монтаж,7,,,,503,Подходит для низковольтной кабельной системы,,,,,,Подходит для низковольтной кабельной системы,,,,Не отображать в общем фильтре,,Автоматическая сортировка
Монтаж,7,,,33,504,Подходит для натяжных потолков,,,,Подходит для натяжных потолков,,,,,,Не отображать в общем фильтре,,Автоматическая сортировка
Монтаж,7,,,,505,Подходит для монтажа на шинопровод для систем освещения (трек),,,,,,Подходит для монтажа на шинопровод для систем освещения (трек),,,,Не отображать в общем фильтре,,Автоматическая сортировка
Монтаж,7,,,,506,Подходит для монтажа на траверсе,,,,,,Подходит для монтажа на траверсе,,,,Не отображать в общем фильтре,,Автоматическая сортировка
Монтаж,7,,,,507,Подходит для монтажа на стену,,,,,,Подходит для монтажа на стену,,,,Не отображать в общем фильтре,,Автоматическая сортировка
Монтаж,7,,,,508,Подходит для монтажа на потолке,,,,,,Подходит для монтажа на потолке,,,,Не отображать в общем фильтре,,Автоматическая сортировка
Монтаж,7,,,,509,Подходит для монтажа на постаменте/полу,,,,,,Подходит для монтажа на постаменте/полу,,,,Не отображать в общем фильтре,,Автоматическая сортировка
Монтаж,7,,,,510,Подходит для монтажа на поверхность (накладной),,,,,,Подходит для монтажа на поверхность (накладной),,,,Не отображать в общем фильтре,,Автоматическая сортировка
Монтаж,7,,,,511,Подходит для модульных устройств (ЭУИ),,,,,,Подходит для модульных устройств (ЭУИ),,,,Не отображать в общем фильтре,,Автоматическая сортировка
Монтаж,7,,,,512,Подходит для ламп мощностью,,,,,,Подходит для ламп мощностью,,,,Не отображать в общем фильтре,,Автоматическая сортировка
Монтаж,7,,,,513,Подходит для количества гнезд/разъемов,,,,,,Подходит для количества гнезд/разъемов,,,,Не отображать в общем фильтре,,Автоматическая сортировка
Монтаж,7,,,,514,Подходит для кабельного модема,,,,,,Подходит для кабельного модема,,,,Не отображать в общем фильтре,,Автоматическая сортировка
Монтаж,7,,,,515,Подходит для использования вне помещений (уличн.),,,,,,Подходит для использования вне помещений (уличн.),,,,Не отображать в общем фильтре,,Автоматическая сортировка
Монтаж,7,,,,516,Подходит для зажимного монтажа,,,,,,Подходит для зажимного монтажа,,,,Не отображать в общем фильтре,,Автоматическая сортировка
Монтаж,7,,,,517,Подходит для дистанционного питания,,,,,,Подходит для дистанционного питания,,,,Не отображать в общем фильтре,,Автоматическая сортировка
Монтаж,7,,,,518,Подходит для дизайнерских решений,,,,,,Подходит для дизайнерских решений,,,,Не отображать в общем фильтре,,Автоматическая сортировка
Монтаж,7,,,,519,Подходит для встроенного монтажа,,,,,,Подходит для встроенного монтажа,,,,Не отображать в общем фильтре,,Автоматическая сортировка
Монтаж,7,,,,520,Подходит для беспроводной передачи,,,,,,Подходит для беспроводной передачи,,,,Не отображать в общем фильтре,,Автоматическая сортировка
Монтаж,7,,,,521,Подходит для аварийного освещения,,,,,,Подходит для аварийного освещения,,,,Не отображать в общем фильтре,,Автоматическая сортировка
Монтаж,7,,,,522,Ориентация монтажа,,,,,,Ориентация монтажа,,,,Не отображать в общем фильтре,,Автоматическая сортировка
Монтаж,7,,,,523,Монтаж скрытый (под штукатурку),,,,,,Монтаж скрытый (под штукатурку),,,,Не отображать в общем фильтре,,Автоматическая сортировка
Монтаж,7,,,,524,Монтаж на поверхность (открытый),,,,,,Монтаж на поверхность (открытый),,,,Не отображать в общем фильтре,,Автоматическая сортировка
Монтаж,7,,,,525,Монтаж на поверхность,,,,,,Монтаж на поверхность,,,,Не отображать в общем фильтре,,Автоматическая сортировка
Монтаж,7,,,,526,Монтаж в напольную коробку/под полом,,,,,,Монтаж в напольную коробку/под полом,,,,Не отображать в общем фильтре,,Автоматическая сортировка
Монтаж,7,,,,527,Мин. глубина встраивания монтажной коробки,,,,,,Мин. глубина встраивания монтажной коробки,,,,Не отображать в общем фильтре,,Автоматическая сортировка
Монтаж,7,,,23,528,Место установки,,,,Место установки,,,,,,Не отображать в общем фильтре,,Автоматическая сортировка
Монтаж,7,,,,529,Изолированный монтаж,,,,,,Изолированный монтаж,,,,Не отображать в общем фильтре,,Автоматическая сортировка
Монтаж,7,,,,530,Длина монтажной коробки,,,,,,Длина монтажной коробки,,,,Не отображать в общем фильтре,,Автоматическая сортировка
Монтаж,7,,,30,531,"Длина монтажного отверстия, мм",ДлинаМонтажногоОтверстияВстраиваемогоСветильника,,"Длина основания (отверстия встройки), мм",,,Длина установочная (встраив.),,,,Не отображать в общем фильтре,,Автоматическая сортировка
Монтаж,7,,,,532,Диаметр отверстия,,,,,,Диаметр отверстия,,,,Не отображать в общем фильтре,,Автоматическая сортировка
Монтаж,7,,,27,533,"Диаметр монтажного отверстия, мм",ДиаметрМонтажногоОтверстияВстраиваемогоСветильника,Монтажное отверстие,"Диаметр основания (отверстия встройки), мм",Диаметр врезного отверстия (мм),Монтажное отверстие [montazhnoe_otverstie],,"Светильник Диаметр врезного отверстия, мм",,,Не отображать в общем фильтре,,Автоматическая сортировка
Монтаж,7,,,28,534,"Глубина монтажного отверстия, мм",ГлубинаМонтажногоОтверстияВстраиваемогоСветильника,Глубина,"Глубина (высота) основания (отверстия встройки), мм",,"Глубина встройки, мм [glubina_vstroyki]",Высота/глубина монтажная (встраив.),,,,Не отображать в общем фильтре,,Автоматическая сортировка
Монтаж,7,,,,,"Глубина монтажного отверстия, мм",,,,,,Глубина установочная (встраив.),,,,Не отображать в общем фильтре,,Автоматическая сортировка
Монтаж,7,,,,,"Глубина монтажного отверстия, мм",,,,,,"Глубина установочная, мм",,,,Не отображать в общем фильтре,,Автоматическая сортировка
Монтаж,7,,,,535,Высота установочная (встраив.),,,,,,Высота установочная (встраив.),,,,Не отображать в общем фильтре,,Автоматическая сортировка
Монтаж,7,,,,535,Встраиваемый,,,,,,Встраиваемый,,,,Не отображать в общем фильтре,,Автоматическая сортировка
"Срок службы, гарантия",8,,03/22/2022,13,535,"Срок службы, ч",,,"Срок службы, ч",,"Срок службы, ч [srok_sluzhby]",Средн. номин. срок службы,,,,Не отображать в общем фильтре,,Автоматическая сортировка
"Срок службы, гарантия",8,,03/22/2022,,535,"Средн. номин. срок службы, ч.",,,,,,,,,,Не отображать в общем фильтре,,Автоматическая сортировка
"Срок службы, гарантия",8,,,,535,"Номинальный срок службы L70/B50 при 25 °C, ч.",,,,,,"Номинальный срок службы L70/B50 при 25 °C, ч.",,,,Не отображать в общем фильтре,,Автоматическая сортировка
"Срок службы, гарантия",8,,03/22/2022,,535,"Номинальный срок службы L70&#47;B50 при 25 °C, ч.",,,,,,Номинальный срок службы L70&#47;B50 при 25 °C,,,,Не отображать в общем фильтре,,Автоматическая сортировка
"Срок службы, гарантия",8,,,,535,Номинальное время работы (до),,,,,,Номинальное время работы (до),,,,Не отображать в общем фильтре,,Автоматическая сортировка
"Срок службы, гарантия",8,,,,535,Номинальное время работы,,,,,,Номинальное время работы,,,,Не отображать в общем фильтре,,Автоматическая сортировка
"Срок службы, гарантия",8,,,,535,Номин. время работы,,,,,,Номин. время работы,,,,Не отображать в общем фильтре,,Автоматическая сортировка
"Срок службы, гарантия",8,,,14,535,"Гарантия, лет",Гарантия,,,Гарантия,Гарантия [garantiya],,,,,Не отображать в общем фильтре,,Автоматическая сортировка
Рекомендации,9,,,80,535,Рекомендуемая лента,,,,,Рекомендуемая лента [rekomenduemaya_lenta],,,,,Не отображать в общем фильтре,,Автоматическая сортировка
Рекомендации,9,,,,535,С этим товаром рекомендуем,,,,,С этим товаром рекомендуем [RECOMMEND],,,,,Не отображать в общем фильтре,Не отображать в карточке товара,Автоматическая сортировка
Прочие,10,,,,535,brand_name,brand_name,,,,,,,,,Не отображать в общем фильтре,Не отображать в карточке товара,Автоматическая сортировка
Прочие,10,,,,535,cartons_dimensions,cartons_dimensions,,,,,,,,,Не отображать в общем фильтре,Не отображать в карточке товара,Автоматическая сортировка
Прочие,10,,,,535,categoryId,categoryId,,,,,,,,,Не отображать в общем фильтре,Не отображать в карточке товара,Автоматическая сортировка
Прочие,10,,,,535,count_denominator,,count_denominator,,,,,,,,Не отображать в общем фильтре,Не отображать в карточке товара,Автоматическая сортировка
Прочие,10,,,,535,delivery,delivery,,,,,,,,,Не отображать в общем фильтре,,Автоматическая сортировка
Прочие,10,,,,535,iES-файл,,,iES-файл,,,,,,,Не отображать в общем фильтре,Не отображать в карточке товара,Автоматическая сортировка
Прочие,10,,,,535,lampshade_top_diameter,lampshade_top_diameter,,,,,,,,,Не отображать в общем фильтре,Не отображать в карточке товара,Автоматическая сортировка
Прочие,10,,,,535,manufacturer_warranty,manufacturer_warranty,,,,,,,,,Не отображать в общем фильтре,Не отображать в карточке товара,Автоматическая сортировка
Прочие,10,,,,535,priority,,priority,,,,,,,,Не отображать в общем фильтре,Не отображать в карточке товара,Автоматическая сортировка
Прочие,10,,,,535,Активность,,,,,Активность,,,,,Не отображать в общем фильтре,Не отображать в карточке товара,Автоматическая сортировка
Прочие,10,,,,535,Базовая единица измерения количества,,Базовая единица измерения количества,,,,,,,,Не отображать в общем фильтре,Не отображать в карточке товара,Автоматическая сортировка
Прочие,10,,,119,535,"Вес брутто, кг",ВесБрутто,,,"Вес брутто, кг",,,"Вес брутто, кг.",,,Не отображать в общем фильтре,,Автоматическая сортировка
Прочие,10,,,новый,535,"Вес нетто, гр",,,,,"Вес, гр. [WEIGHT]",,,,,Не отображать в общем фильтре,,Автоматическая сортировка
Прочие,10,,,118,535,"Вес нетто, кг",ВесНетто,Вес,"Масса, кг","Вес нетто, кг",,"Вес, кг","Вес нетто, кг.",,,Не отображать в общем фильтре,,Автоматическая сортировка
Прочие,10,,,,535,Вид,,Вид,,,,,,,,Не отображать в общем фильтре,Не отображать в карточке товара,Автоматическая сортировка
Прочие,10,,,,535,Видимость на витрине,,Видимость на витрине,,,,,,,,Не отображать в общем фильтре,Не отображать в карточке товара,Автоматическая сортировка
Прочие,10,,,,535,Выбор вариантов товара,,Выбор вариантов товара,,,,,,,,Не отображать в общем фильтре,Не отображать в карточке товара,Автоматическая сортировка
Прочие,10,,,112,535,"Высота упаковки, мм",,,,"Высота, мм (упаковка)",,,"Коробка Высота, мм",,,Не отображать в общем фильтре,Не отображать в карточке товара,Автоматическая сортировка
Прочие,10,,,115,535,Габариты,,Габариты,,,,,,,,Не отображать в общем фильтре,Не отображать в карточке товара,Автоматическая сортировка
Прочие,10,,,,535,ДваВОдном,ДваВОдном,,,,,,,,,Не отображать в общем фильтре,Не отображать в карточке товара,Автоматическая сортировка
Прочие,10,,,,535,Дизайнер,,,,Дизайнер,,,,,,Не отображать в общем фильтре,Не отображать в карточке товара,Автоматическая сортировка
Прочие,10,,,110,535,"Длина упаковки, мм",,,,"Длина, мм (упаковка)",,,"Коробка Длина, мм",,,Не отображать в общем фильтре,Не отображать в карточке товара,Автоматическая сортировка
Прочие,10,,,,535,Доступны дополнит. светотехнические аксессуары,,,,,,Доступны дополнит. светотехнические аксессуары,,,,Не отображать в общем фильтре,,Автоматическая сортировка
Прочие,10,,,,535,Другие модели,,,,,Другие модели [OTHER_MODELS],,,,,Не отображать в общем фильтре,Не отображать в карточке товара,Автоматическая сортировка
Прочие,10,,,,535,Единица измерения,,,,,Единица измерения,,,,,Не отображать в общем фильтре,Не отображать в карточке товара,Автоматическая сортировка
Прочие,10,,,,535,Зачеркнутая цена,,Зачеркнутая цена,,,,,,,,Не отображать в общем фильтре,Не отображать в карточке товара,Автоматическая сортировка
Прочие,10,,,17,535,Качество,,,,,Качество [kachestvo],,,,,Не отображать в общем фильтре,Не отображать в карточке товара,Автоматическая сортировка
Прочие,10,,,,535,"Класс пожаробезопасности ""М"" для мебельных светильников",,,,,,"Класс пожаробезопасности ""М"" для мебельных светильников",,,,Не отображать в общем фильтре,,Автоматическая сортировка
Прочие,10,,,,535,"Класс пожаробезопасности ""ММ"" для мебельных светильников",,,,,,"Класс пожаробезопасности ""ММ"" для мебельных светильников",,,,Не отображать в общем фильтре,,Автоматическая сортировка
Прочие,10,,,,535,Класс пожаробезопасности светильника D,,,,,,Класс пожаробезопасности светильника D,,,,Не отображать в общем фильтре,,Автоматическая сортировка
Прочие,10,,,19,535,Код ТНВЭД,КодТНВЭД,,,,,,,,,Не отображать в общем фильтре,Не отображать в карточке товара,Автоматическая сортировка
Прочие,10,,,,535,Количество в упаковке,,,Количество в упаковке,,,,,,,Не отображать в общем фильтре,Не отображать в карточке товара,Автоматическая сортировка
Прочие,10,,,,535,Кратность заказа поставщику,,,,,,Кратность заказа поставщику,,,,Не отображать в общем фильтре,Не отображать в карточке товара,Автоматическая сортировка
Прочие,10,,,,535,Минимальное количество для заказа,,Минимальное количество для заказа,,,,,,,,Не отображать в общем фильтре,Не отображать в карточке товара,Автоматическая сортировка
Прочие,10,,,,535,Название позиции внутреннее,,,Название позиции внутреннее,,,,,,,Не отображать в общем фильтре,Не отображать в карточке товара,Автоматическая сортировка
Прочие,10,,,,535,Наклейка,,Наклейка,,,,,,,,Не отображать в общем фильтре,Не отображать в карточке товара,Автоматическая сортировка
Прочие,10,,,,535,Не содержит (без) галогенов,,,,,,Не содержит (без) галогенов,,,,Не отображать в общем фильтре,,Автоматическая сортировка
Прочие,10,,,,535,Новинки/распродажа,,,Новинки/распродажа,,,,,,,Не отображать в общем фильтре,Не отображать в карточке товара,Автоматическая сортировка
Прочие,10,,,,535,Описания изображений товаров,,Описания изображений товаров,,,,,,,,Не отображать в общем фильтре,Не отображать в карточке товара,Автоматическая сортировка
Прочие,10,,,,535,Особенная характеристика,,,,,,Особенная характеристика,,,,Не отображать в общем фильтре,,Автоматическая сортировка
Прочие,10,,,,535,Особенность,,Особенность,,,,,,,,Не отображать в общем фильтре,Не отображать в карточке товара,Автоматическая сортировка
Прочие,10,,,,535,Особые отметки,,Особые отметки,,,,,,,,Не отображать в общем фильтре,Не отображать в карточке товара,Автоматическая сортировка
Прочие,10,,,,535,Поставщик,Поставщик,Поставщик,Поставщик,Поставщик,Поставщик,Поставщик,,,,Не отображать в общем фильтре,Не отображать в карточке товара,Автоматическая сортировка
Прочие,10,,,78,535,Рабочий диапазон влажности,,,,,Рабочий диапазон влажности [humidity_range],,,,,Не отображать в общем фильтре,,Автоматическая сортировка
Прочие,10,,,77,535,"Рабочий диапазон температур, ̊С",,,,,"Рабочий даипазон температур, ̊С [temperature_range]",,,,,Не отображать в общем фильтре,,Автоматическая сортировка
Прочие,10,,,,535,Размер изменения количества кнопками «+/-»,,Размер изменения количества кнопками «+/-»,,,,,,,,Не отображать в общем фильтре,Не отображать в карточке товара,Автоматическая сортировка
Прочие,10,,,113,535,"Размеры (ДхШхВ), мм",,,,,"Размеры (ДхШхВ), мм [dimensions]",,,,,Не отображать в общем фильтре,Не отображать в карточке товара,Автоматическая сортировка
Прочие,10,,,114,,"Размеры (ДхШхВ), мм",,,,,"Размеры, мм [PROPORTIONS]",,,,,Не отображать в общем фильтре,Не отображать в карточке товара,Автоматическая сортировка
Прочие,10,,,,536,Сертификат,,,,Сертификат,,,,,,Не отображать в общем фильтре,Не отображать в карточке товара,Автоматическая сортировка
Прочие,10,,,,537,Складская единица измерения количества,,Складская единица измерения количества,,,,,,,,Не отображать в общем фильтре,Не отображать в карточке товара,Автоматическая сортировка
Прочие,10,,,,538,Соотношение складской и базовой единиц измерения количества,,Соотношение складской и базовой единиц измерения количества,,,,,,,,Не отображать в общем фильтре,Не отображать в карточке товара,Автоматическая сортировка
Прочие,10,,,,539,Старое наименование на сайте,,Старое наименование на сайте,,,,,,,,Не отображать в общем фильтре,Не отображать в карточке товара,Автоматическая сортировка
Прочие,10,,,,540,Статус,,Статус,,,,,,,,Не отображать в общем фильтре,Не отображать в карточке товара,Автоматическая сортировка
Прочие,10,,,,541,Теги,,Теги,,,,,,,,Не отображать в общем фильтре,Не отображать в карточке товара,Автоматическая сортировка
Прочие,10,,,,542,Технологии,Технологии,,,,,,,,,Не отображать в общем фильтре,Не отображать в карточке товара,Автоматическая сортировка
Прочие,10,,,,543,Тип,,,,,Тип [tip],,,,,Не отображать в общем фильтре,Не отображать в карточке товара,Автоматическая сортировка
Прочие,10,,,153,544,Тип дерева,,,,,Тип дерева [tip_dereva],,,,,Не отображать в общем фильтре,,Автоматическая сортировка
Прочие,10,,,,545,УчастникТВПрограммы,УчастникТВПрограммы,,,,,,,,,Не отображать в общем фильтре,Не отображать в карточке товара,Автоматическая сортировка
Прочие,10,,,,546,Шаг добавления в корзину,,Шаг добавления в корзину,,,,,,,,Не отображать в общем фильтре,Не отображать в карточке товара,Автоматическая сортировка
Прочие,10,,,111,547,"Ширина упаковки, мм",,,,"Ширина, мм (упаковка)",,,"Коробка Ширина, мм",,,Не отображать в общем фильтре,Не отображать в карточке товара,Автоматическая сортировка
Основные,1,,,,549,Bus module detachable (*),,,,,,Bus module detachable (*),,,,Не отображать в общем фильтре,Не отображать в карточке товара,Автоматическая сортировка
,,,,,,Акция и распродажа,,,,,,,Акция и распродажа,,,Не отображать в общем фильтре,Не отображать в карточке товара,
,,,,,,Комментарий,,,,,,,Комментарий,,,Не отображать в общем фильтре,Не отображать в карточке товара,
,,,,,,Изготовитель,,,,,,,Изготовитель,,,Не отображать в общем фильтре,Не отображать в карточке товара,
,,,,,,Назначение,,,,,,,Назначение,,,Не отображать в общем фильтре,Не отображать в карточке товара,
,,,,,,Назначение на сайте,,,,,,,Назначение на сайте,,,Не отображать в общем фильтре,Не отображать в карточке товара,
,,,,,,Линия,,,,,,,Линия,,,Не отображать в общем фильтре,Не отображать в карточке товара,
,,,,,,Тип цоколя лампы,,,,,,,Тип цоколя лампы,,,Не отображать в общем фильтре,Не отображать в карточке товара,
,,,,,,Цвет LED,,,,,,,Цвет LED,,,Не отображать в общем фильтре,Не отображать в карточке товара,
,,,,,,"Напряжение питания, В",,,,,,,"Напряжение питания, В",,,Не отображать в общем фильтре,Не отображать в карточке товара,
,,,,,,"Площадь освещения, кв.м",,,,,,,"Площадь освещения, кв.м",,,Не отображать в общем фильтре,Не отображать в карточке товара,
,,,,,,Тип выключателя,,,,,,,Тип выключателя,,,Не отображать в общем фильтре,Не отображать в карточке товара,
,,,,,,Цвет,,,,,,,Цвет,,,Не отображать в общем фильтре,Не отображать в карточке товара,
,,,,,,Материал,,,,,,,Материал,,,Не отображать в общем фильтре,Не отображать в карточке товара,
,,,,,,Цвет арматуры для КТ,,,,,,,Цвет арматуры для КТ,,,Не отображать в общем фильтре,Не отображать в карточке товара,
,,,,,,Тип поверхности арматуры,,,,,,,Тип поверхности арматуры,,,Не отображать в общем фильтре,Не отображать в карточке товара,
,,,,,,Цвет плафона для КТ,,,,,,,Цвет плафона для КТ,,,Не отображать в общем фильтре,Не отображать в карточке товара,
,,,,,,Тип поверхности плафонов,,,,,,,Тип поверхности плафонов,,,Не отображать в общем фильтре,Не отображать в карточке товара,
,,,,,,Вид декора,,,,,,,Вид декора,,,Не отображать в общем фильтре,Не отображать в карточке товара,
,,,,,,Материал декора,,,,,,,Материал декора,,,Не отображать в общем фильтре,Не отображать в карточке товара,
,,,,,,Цвет декора,,,,,,,Цвет декора,,,Не отображать в общем фильтре,Не отображать в карточке товара,
,,,,,,Цвет декора для КТ,,,,,,,Цвет декора для КТ,,,Не отображать в общем фильтре,Не отображать в карточке товара,
,,,,,,Влагозащищенность,,,,,,,Влагозащищенность,,,Не отображать в общем фильтре,Не отображать в карточке товара,
,,,,,,Класс защиты,,,,,,,Класс защиты,,,Не отображать в общем фильтре,Не отображать в карточке товара,
,,,,,,Температурный режим,,,,,,,Температурный режим,,,Не отображать в общем фильтре,Не отображать в карточке товара,
,,,,,,"Гарантия, месяцы",,,,,,,"Гарантия, месяцы",,,Не отображать в общем фильтре,Не отображать в карточке товара,
,,,,,,Дополнительные параметры и особенности,,,,,,,Дополнительные параметры и особенности,,,Не отображать в общем фильтре,Не отображать в карточке товара,
,,,,,,Тип светильника по конструкции,,,,,,,Тип светильника_По конструкции,,,Не отображать в общем фильтре,Не отображать в карточке товара,
,,,,,,Тип светильника по способу крепления,,,,,,,Тип светильника_По способу крепления,,,Не отображать в общем фильтре,Не отображать в карточке товара,
,,,,,,Тип светильника по помещению,,,,,,,Тип светильника_По помещению,,,Не отображать в общем фильтре,Не отображать в карточке товара,
,,,,,,Дизайн на сайте,,,,,,,Дизайн на сайте,,,Не отображать в общем фильтре,Не отображать в карточке товара,
,,,,,,"Высота без цепи, мм",,,,,,,"Светильник Высота без цепи, мм",,,Не отображать в общем фильтре,Не отображать в карточке товара,
,,,,,,"Отступ от стены (глубина), мм",,,,,,,"Светильник Отступ от стены (глубина), мм",,,Не отображать в общем фильтре,Не отображать в карточке товара,
,,,,,,"Угол поворота, град",,,,,,,"Светильник Угол поворота, град",,,Не отображать в общем фильтре,Не отображать в карточке товара,
,,,,,,"Коробка вторая Длина, мм",,,,,,,"Коробка вторая Длина, мм",,,Не отображать в общем фильтре,Не отображать в карточке товара,
,,,,,,"Коробка вторая Высота, мм",,,,,,,"Коробка вторая Высота, мм",,,Не отображать в общем фильтре,Не отображать в карточке товара,
,,,,,,"Коробка вторая Ширина, мм",,,,,,,"Коробка вторая Ширина, мм",,,Не отображать в общем фильтре,Не отображать в карточке товара,
,,,,,,"Коробка третья Длина, мм",,,,,,,"Коробка третья Длина, мм",,,Не отображать в общем фильтре,Не отображать в карточке товара,
,,,,,,"Коробка третья Высота, мм",,,,,,,"Коробка третья Высота, мм",,,Не отображать в общем фильтре,Не отображать в карточке товара,
,,,,,,"Коробка третья Ширина, мм",,,,,,,"Коробка третья Ширина, мм",,,Не отображать в общем фильтре,Не отображать в карточке товара,
,,,,,,"Мастербокс Длина, мм",,,,,,,"Мастербокс Длина, мм",,,Не отображать в общем фильтре,Не отображать в карточке товара,
,,,,,,"Мастербокс Высота, мм",,,,,,,"Мастербокс Высота, мм",,,Не отображать в общем фильтре,Не отображать в карточке товара,
,,,,,,"Мастербокс Ширина, мм",,,,,,,"Мастербокс Ширина, мм",,,Не отображать в общем фильтре,Не отображать в карточке товара,
,,,,,,"Мастербокс, шт.",,,,,,,"Мастербокс, шт.",,,Не отображать в общем фильтре,Не отображать в карточке товара,
,,,,,,"Объем, куб.м.",,,,,,,"Объем, куб.м.",,,Не отображать в общем фильтре,Не отображать в карточке товара,
